Book Id,Title,Author,Author l-f,Additional Authors,ISBN,ISBN13,My Rating,Average Rating,Publisher,Binding,Number of Pages,Year Published,Original Publication Year,Date Read,Date Added,Bookshelves,Bookshelves with positions,Exclusive Shelf,My Review,Spoiler,Private Notes,Read Count,Owned Copies
21559143,Ender's Game Alive the Full-Cast Audioplay,Orson Scott Card,"Card, Orson Scott",,"=""1480595063""","=""9781480595064""",0,4.20,Brilliance Audio,Audiobook,,2014,2013,,2022/10/11,,,read,,,,1,0
26082916,"Ready Player Two (Ready Player One, #2)",Ernest Cline,"Cline, Ernest",,"=""1524761338""","=""9781524761332""",5,3.43,Ballantine Books,Hardcover,370,2020,2020,,2018/02/24,,,read,,,,1,0
59609035,The Memory Index,Julian R. Vaca,"Vaca, Julian R.",,"=""""","=""""",0,3.96,Thomas Nelson,Hardcover,384,2022,2022,,2022/09/30,to-read,to-read (#47),to-read,,,,0,0
42975172,"The Testaments (The Handmaid's Tale, #2)",Margaret Atwood,"Atwood, Margaret",,"=""""","=""""",0,4.20,Nan A. Talese,Hardcover,422,2019,2019,,2022/09/30,to-read,to-read (#46),to-read,,,,0,0
56179338,"All of Us Villains (All of Us Villains, #1)",Amanda Foody,"Foody, Amanda",Christine Lynn Herman,"=""1250789257""","=""9781250789259""",0,3.94,Tor Teen,Hardcover,400,2021,2021,,2022/09/30,to-read,to-read (#45),to-read,,,,0,0
51901147,"The Ballad of Songbirds and Snakes (The Hunger Games, #0)",Suzanne Collins,"Collins, Suzanne",,"=""""","=""""",0,3.83,Scholastic Press,Kindle Edition,541,2020,2020,,2022/09/30,"currently-reading, e-shelf, fiction","currently-reading (#1), e-shelf (#43), fiction (#142)",currently-reading,,,,1,0
12951631,Breaking The Habit of Being Yourself: How to Lose Your Mind and Create a New One,Joe Dispenza,"Dispenza, Joe",,"=""1401938086""","=""9781401938086""",0,4.12,Hay House,Hardcover,329,2012,2012,,2022/03/11,to-read,to-read (#44),to-read,,,,0,0
474564,"Mavericks of Medicine: Exploring the Future of Medicine with Andrew Weil, Jack Kevorkian, Bernie Siegel, Ray Kurzweil & Others",David Jay Brown,"Brown, David Jay",,"=""1890572195""","=""9781890572198""",0,3.44,Smart Publications,Paperback,354,2006,2006,,2022/03/11,to-read,to-read (#43),to-read,,,,0,0
58155179,"Time Before Time, Vol. 1",Declan Shalvey,"Shalvey, Declan","Rory McConville, Joe Palmer, Chris O'Halloran","=""1534320067""","=""9781534320062""",0,3.77,Image Comics,Paperback,136,2021,2021,,2022/01/01,to-read,to-read (#42),to-read,,,,0,0
6690798,"The Passage (The Passage, #1)",Justin Cronin,"Cronin, Justin",,"=""0345504968""","=""9780345504968""",0,4.04,Ballantine Books,Hardcover,766,2010,2010,,2021/12/18,to-read,to-read (#41),to-read,,,,0,0
20518872,"The Three-Body Problem (Remembrance of Earth’s Past, #1)",Liu Cixin,"Cixin, Liu",Ken Liu,"=""0765377063""","=""9780765377067""",4,4.08,Tor Books,Hardcover,399,2014,2006,2021/12/18,2021/01/12,,,read,,,,1,0
55003957,"Day Zero (Sea of Rust, #0)",C. Robert Cargill,"Cargill, C. Robert",,"=""0062405802""","=""9780062405807""",0,4.02,Harper Voyager,Hardcover,304,2021,2021,,2021/07/15,to-read,to-read (#40),to-read,,,,0,0
53205794,"The Last Watch (The Divide, #1)",J.S. Dewes,"Dewes, J.S.",,"=""1250236347""","=""9781250236340""",0,3.96,Tor Books,Paperback,480,2021,2021,,2021/07/15,to-read,to-read (#39),to-read,,,,0,0
53205922,Remote Control,Nnedi Okorafor,"Okorafor, Nnedi",,"=""125077280X""","=""9781250772800""",0,3.86,Tordotcom,Hardcover,160,2021,2021,,2021/07/15,to-read,to-read (#38),to-read,,,,0,0
53205912,Winter's Orbit,Everina Maxwell,"Maxwell, Everina",,"=""1250758831""","=""9781250758835""",0,4.02,Tor Books,Hardcover,432,2021,2021,,2021/07/15,to-read,to-read (#37),to-read,,,,0,0
52379735,The Echo Wife,Sarah Gailey,"Gailey, Sarah",,"=""125017466X""","=""9781250174666""",0,3.62,Tor Books,Hardcover,256,2021,2021,,2021/07/15,to-read,to-read (#36),to-read,,,,0,0
54493401,Project Hail Mary,Andy Weir,"Weir, Andy",,"=""0593135202""","=""9780593135204""",0,4.52,Ballantine Books,Hardcover,476,2021,2021,,2021/07/15,to-read,to-read (#35),to-read,,,,0,0
23168817,"The Dark Forest (Remembrance of Earth’s Past, #2)",Liu Cixin,"Cixin, Liu","Eisso Post, Joel Martinsen, Bruno Roubicek, Richard Heufkens","=""""","=""""",0,4.41,Tor Books,Hardcover,512,2015,2008,,2021/07/15,to-read,to-read (#34),to-read,,,,0,0
597549,Little Women,Louisa May Alcott,"Alcott, Louisa May",,"=""014131172X""","=""9780141311722""",0,3.97,Puffin,Paperback,336,2005,,,2018/02/18,"unclassified-exclusive, fiction","unclassified-exclusive (#43), fiction (#55)",unclassified-exclusive,,,,0,0
110824,The Annotated Pride and Prejudice,Jane Austen,"Austen, Jane",David M. Shapard,"=""0307278107""","=""9780307278104""",0,4.28,Anchor,Paperback,780,2007,1813,,2018/02/18,"unclassified-exclusive, fiction","unclassified-exclusive (#58), fiction (#75)",unclassified-exclusive,,,,0,0
1063179,Emma,Jane Austen,"Austen, Jane","Nicola Bradbury, Hugh  Thomson","=""""","=""""",0,4.04,Wordsworth Editions,Paperback,393,1992,1815,,2018/02/26,"unclassified-exclusive, fiction","unclassified-exclusive (#88), fiction (#126)",unclassified-exclusive,,,,0,0
158770,Three Kingdoms (4-Volume Boxed Set),Luo Guanzhong,"Guanzhong, Luo",Moss Roberts,"=""7119005901""","=""9787119005904""",0,4.37,Foreign Language Press,Paperback,2339,2008,1522,,2020/05/22,to-read,to-read (#33),to-read,,,,0,0
43797895,The Worldship Humility (The Code Trilogy #1),R.R. Haywood,"Haywood, R.R.",Colin Morgan,"=""""","=""""",0,4.27,Audible Studios,Audible Audio,,2019,2019,,2020/05/16,,,read,,,,1,0
34928122,Artemis,Andy Weir,"Weir, Andy",,"=""0553448129""","=""9780553448122""",0,3.69,Crown,Hardcover,305,2017,2017,,2020/04/21,to-read,to-read (#32),to-read,,,,0,0
37534835,"Vengeful (Villains, #2)",V.E. Schwab,"Schwab, V.E.",,"=""0765387522""","=""9780765387523""",0,4.19,Tor Books,Hardcover,478,2018,2018,,2020/04/21,to-read,to-read (#31),to-read,,,,0,0
10836728,"The Rook (The Checquy Files, #1)",Daniel O'Malley,"O'Malley, Daniel",,"=""0316098795""","=""9780316098793""",0,4.11,"Little, Brown and Company",Hardcover,504,2012,2012,,2020/04/21,to-read,to-read (#30),to-read,,,,0,0
45016688,"False Value (Rivers of London, #8)",Ben Aaronovitch,"Aaronovitch, Ben",,"=""""","=""""",5,4.11,Gollancz,Kindle Edition,416,2020,2020,,2019/04/24,to-read,to-read (#18),to-read,,,,0,0
33107825,"Stitch (Stitch Trilogy, #1)",Samantha Durante,"Durante, Samantha",,"=""""","=""""",0,3.69,Samantha Durante,Kindle Edition,312,2016,2012,,2018/05/13,"e-shelf, unclassified-exclusive","e-shelf (#37), unclassified-exclusive (#137)",unclassified-exclusive,,,,0,0
35954904,Delirium: Debt Collector Episode One (Debt Collector Episode One),Susan Kaye Quinn,"Quinn, Susan Kaye",,"=""""","=""""",0,3.88,,ebook,,,2013,,2018/03/15,"e-shelf, fiction","e-shelf (#33), fiction (#138)",read,,,,1,0
22514127,Automate the Boring Stuff with Python: Practical Programming for Total Beginners,Al Sweigart,"Sweigart, Al",,"=""1593275994""","=""9781593275990""",0,4.30,No Starch Press,Paperback,479,2015,2014,,2018/09/27,unclassified-exclusive,unclassified-exclusive (#136),unclassified-exclusive,,,,0,0
6980870,"30-Second Philosophies: The 50 most thought-provoking philosophies, each explained in half a minute",Barry Loewer,"Loewer, Barry","Julian Baggini, Kati Balog, James Garvey, Stephen Law, Jeremy Stangroom, Ivan Hissey","=""1435109570""","=""9781435109575""",0,3.54,Fall River Press,Hardcover,160,2009,2009,,2018/02/26,"non-fiction, unclassified-exclusive","non-fiction (#52), unclassified-exclusive (#134)",unclassified-exclusive,,,,0,0
88072,Agent to the Stars,John Scalzi,"Scalzi, John",,"=""1596060204""","=""9781596060203""",0,3.90,Subterranean Press,Hardcover,280,2005,2004,,2018/03/15,"e-shelf, unclassified-exclusive","e-shelf (#31), unclassified-exclusive (#135)",unclassified-exclusive,,,,0,0
16248196,The Art of Thinking Clearly,Rolf Dobelli,"Dobelli, Rolf",,"=""0062219685""","=""9780062219688""",0,3.85,Harper,Hardcover,384,2013,2011,,2018/02/26,"non-fiction, unclassified-exclusive","non-fiction (#40), unclassified-exclusive (#133)",unclassified-exclusive,,,,0,0
16474584,20th Century: History as You've Never Seen It Before,Richard Overy,"Overy, Richard",,"=""1409383911""","=""9781409383918""",0,3.85,DK,Hardcover,320,2012,2012,,2018/02/26,"non-fiction, unclassified-exclusive","non-fiction (#36), unclassified-exclusive (#132)",unclassified-exclusive,,,,0,0
61663,Pale Blue Dot: A Vision of the Human Future in Space,Carl Sagan,"Sagan, Carl",Ann Druyan,"=""0345376595""","=""9780345376596""",0,4.32,Ballantine Books,Paperback,384,1997,1994,,2018/02/26,"non-fiction, unclassified-exclusive","non-fiction (#31), unclassified-exclusive (#131)",unclassified-exclusive,,,,0,0
5099490,"Manhattan Project: The Birth of the Atomic Bomb in the Words of Its Creators, Eyewitnesses, and Historians",Cynthia C. Kelly,"Kelly, Cynthia C.",,"=""1579128084""","=""9781579128081""",0,3.90,Black Dog  Leventhal,Paperback,495,2009,2007,,2018/02/18,"e-shelf, non-fiction, unclassified-exclusive","e-shelf (#9), non-fiction (#16), unclassified-exclusive (#130)",unclassified-exclusive,,,,0,0
505564,"The Tcp/IP Guide: A Comprehensive, Illustrated Internet Protocols Reference",Charles Kozierok,"Kozierok, Charles",,"=""159327047X""","=""9781593270476""",0,4.48,No Starch Press,Hardcover,1539,2005,2005,,2018/02/17,"e-shelf, non-fiction, unclassified-exclusive","e-shelf (#6), non-fiction (#9), unclassified-exclusive (#128)",unclassified-exclusive,,,,0,0
703349,Ancient Inventions: A Lively and Fascinating Look at the Genuine Wonders of the Past,Peter  James,"James, Peter",Nick Thorpe,"=""0307290611""","=""9780307290618""",0,4.17,Random House,Hardcover,672,2006,1994,,2018/02/18,"e-shelf, non-fiction, unclassified-exclusive","e-shelf (#8), non-fiction (#26), unclassified-exclusive (#129)",unclassified-exclusive,,,,0,0
17141640,The State of the World Atlas,Dan    Smith,"Smith, Dan",,"=""1780261217""","=""9781780261218""",0,3.87,New Internationalist,Paperback,144,2013,2000,,2018/02/18,"e-shelf, non-fiction, unclassified-exclusive","e-shelf (#7), non-fiction (#12), unclassified-exclusive (#127)",unclassified-exclusive,,,,0,0
2657,To Kill a Mockingbird,Harper Lee,"Lee, Harper",,"=""""","=""""",0,4.27,Harper Perennial Modern Classics ,Paperback,336,2006,1960,,2020/04/19,,,read,,,,1,0
151162,"Stargate SG-1 (Stargate SG-1, #1)",Ashley McConnell,"McConnell, Ashley",,"=""0451457250""","=""9780451457257""",0,3.83,Roc,Mass Market Paperback,208,1998,1998,,2020/04/18,,,read,,,,1,0
52376343,Burn Cycle (Cry Pilot #2),Joel Dane,"Dane, Joel",,"=""""","=""""",0,4.00,Ace,Kindle Edition,397,2020,2020,,2020/01/04,to-read,to-read (#29),to-read,,,,0,0
29865319,"Bound (Alex Verus, #8)",Benedict Jacka,"Jacka, Benedict",,"=""""","=""9781101988534""",0,4.31,Ace Books,ebook,336,2017,2017,,2019/05/06,,,read,,,,1,0
41160292,Exhalation,Ted Chiang,"Chiang, Ted",,"=""""","=""""",0,4.27,Knopf,Kindle Edition,368,2019,2019,,2020/02/14,,,read,,,,1,0
626265,Unity,Steven Harper,"Harper, Steven",,"=""0765316080""","=""9780765316080""",0,3.50,Tor Books,Paperback,320,2007,2007,,2020/01/31,,,read,,,,1,0
558878,Sagittarius Is Bleeding,Peter David,"David, Peter",,"=""0765316072""","=""9780765316073""",0,3.51,Tor Books,Paperback,352,2006,2006,,2020/01/31,,,read,,,,1,0
626270,The Cylons' Secret,Craig Shaw Gardner,"Gardner, Craig Shaw",,"=""0765355175""","=""9780765355171""",0,3.34,Tor Science Fiction,Paperback,320,2007,2006,,2020/01/31,,,read,,,,1,0
1122002,"Battlestar Galactica (Battlestar Galactica Miniseries, #1)",Jeffrey A. Carver,"Carver, Jeffrey A.",,"=""0765315416""","=""9780765315410""",0,3.83,Tor Books,Paperback,320,2005,2005,,2020/01/31,,,read,,,,1,0
36381037,"Cinder (The Lunar Chronicles, #1)",Marissa Meyer,"Meyer, Marissa",,"=""""","=""""",4,4.13,Feiwel & Friends,Hardcover,400,2012,2012,,2020/01/16,,,read,,,,1,0
42046112,Recursion,Blake Crouch,"Crouch, Blake",,"=""1524759783""","=""9781524759780""",0,4.16,Crown Publishing Group (NY),Hardcover,336,2019,2019,,2020/01/14,,,read,,,,1,0
18007564,The Martian,Andy Weir,"Weir, Andy",,"=""0804139024""","=""9780804139021""",5,4.41,Crown,Hardcover,384,2014,2011,,2020/01/08,,,read,,,,1,0
22328546,"Red Queen (Red Queen, #1)",Victoria Aveyard,"Aveyard, Victoria",,"=""""","=""""",5,4.02,HarperTeen,Hardcover,388,2015,2015,,2020/01/06,,,read,,,,1,0
27833670,Dark Matter,Blake Crouch,"Crouch, Blake","Hilary Clarcq, Andy Weir","=""1101904224""","=""9781101904220""",5,4.13,Crown,Hardcover,352,2016,2016,,2020/01/06,,,read,,,,1,0
17866,Glasshouse,Charles Stross,"Stross, Charles",,"=""0441014038""","=""9780441014033""",3,3.88,Ace Books,Hardcover,335,2006,2006,,2020/01/04,,,read,,,,1,0
43514595,"Cry Pilot (Cry Pilot, #1)",Joel Dane,"Dane, Joel",,"=""1984802526""","=""9781984802521""",5,4.07,Ace,Paperback,416,2019,2019,,2020/01/04,,,read,,,,1,0
43670629,"Fallen (Alex Verus, #10)",Benedict Jacka,"Jacka, Benedict",,"=""0440000580""","=""9780440000587""",5,4.41,Ace Books,Mass Market Paperback,296,2019,2019,,2019/05/07,,,read,,,,1,0
96063,The Speed of Dark,Elizabeth Moon,"Moon, Elizabeth",,"=""0345481399""","=""9780345481399""",5,4.00,Del Rey,Paperback,369,2005,2002,,2019/12/16,,,read,,,,1,0
36192173,Mind Games,Shana Silver,"Silver, Shana",,"=""1250192927""","=""9781250192929""",4,3.65,Swoon Reads,Hardcover,320,2019,2019,,2019/12/04,,,read,,,,1,0
42389859,"The October Man (Rivers of London, #7.5)",Ben Aaronovitch,"Aaronovitch, Ben",,"=""1473224314""","=""9781473224315""",5,4.01,Orion Publishing Group,Hardcover,180,2019,2019,,2019/04/24,,,read,,,,1,0
5129,Brave New World,Aldous Huxley,"Huxley, Aldous",,"=""0060929871""","=""9780060929879""",4,3.99,HarperPerennial / Perennial Classics,Paperback,268,1998,1932,,2019/12/03,,,read,,,,1,0
29962030,Managing Time,Harvard Business Review,"Review, Harvard Business",James Edward Thomas,"=""1531836283""","=""9781531836283""",0,3.52,Audible Studios on Brilliance Audio,Audio CD,,2016,2006,,2018/02/18,"unclassified-exclusive, non-fiction","unclassified-exclusive (#29), non-fiction (#18)",unclassified-exclusive,,,,0,0
13314945,"The Unraveling (Wool, #4)",Hugh Howey,"Howey, Hugh",,"=""""","=""""",0,4.35,Broad Reach Publishing,Kindle Edition,166,2011,2011,,2019/09/29,,,read,,,,1,0
13202200,"Casting Off (Wool, #3)",Hugh Howey,"Howey, Hugh",Mehmet Rasim Emirosmanoğlu,"=""""","=""""",0,4.33,Broad Reach Publishing,Kindle Edition,122,2011,2011,,2019/09/29,,,read,,,,1,0
13178410,"Proper Gauge (Wool, #2)",Hugh Howey,"Howey, Hugh",,"=""""","=""""",0,4.15,Broad Reach Publishing,Kindle Edition,106,2011,2011,,2019/09/29,,,read,,,,1,0
22028,Omerta,Mario Puzo,"Puzo, Mario",,"=""0345432401""","=""9780345432407""",0,3.74,Ballantine Books,Paperback,369,2001,1999,,2019/09/29,,,read,,,,1,0
6390465,"Everwild (Skinjacker, #2)",Neal Shusterman,"Shusterman, Neal",,"=""1416958630""","=""9781416958635""",0,4.21,Simon  Schuster Books for Young Readers,Hardcover,432,2009,2009,,2019/09/27,to-read,to-read (#28),to-read,,,,0,0
688191,"Everlost (Skinjacker, #1)",Neal Shusterman,"Shusterman, Neal",,"=""0689872372""","=""9780689872372""",0,3.96,Simon  Schuster Books for Young Readers,Hardcover,320,2006,2006,,2018/03/01,e-shelf,e-shelf (#23),read,,,,1,0
28153844,"Daughter of Eden (Dark Eden, #3)",Chris Beckett,"Beckett, Chris",,"=""1782392394""","=""9781782392392""",0,4.00,Corvus,Hardcover,400,2016,2016,,2019/09/13,,,read,,,,1,0
22926605,"Mother of Eden (Dark Eden, #2)",Chris Beckett,"Beckett, Chris",,"=""0804138702""","=""9780804138703""",0,3.82,Broadway Books,Paperback,468,2015,2015,,2019/09/10,,,read,,,,1,0
18166988,"Dark Eden (Dark Eden, #1)",Chris Beckett,"Beckett, Chris",,"=""0804138680""","=""9780804138680""",0,3.77,Broadway Books,Paperback,441,2014,2012,,2019/09/10,,,read,,,,1,0
20980464,"The Alex Verus Novels, Books 1-4",Benedict Jacka,"Jacka, Benedict",,"=""""","=""""",5,4.48,Ace,Kindle Edition,890,2014,2014,,2019/09/04,,,read,,,,1,0
18870662,"The End Has Come (The Apocalypse Triptych, #3)",John Joseph Adams,"Adams, John Joseph","Charlie Jane Anders, Megan Arkenberg, Chris Avellone, Elizabeth Bear, Annie Bellet, Tananarive Due, Jamie Ford, Mira Grant, Hugh Howey, Jake Kerr, Nancy Kress, Sarah Langan, Ken Liu, Jonathan Maberry, Seanan McGuire, Will McIntosh, Leife Shallcross, Scott Sigler, Carrie Vaughn, Robin Wasserman, David Wellington, Ben H. Winters","=""""","=""""",0,3.88,Broad Reach Publishing,Kindle Edition,324,2015,2015,,2019/09/03,to-read,to-read (#27),to-read,,,,0,0
7624,Lord of the Flies,William Golding,"Golding, William",,"=""0140283331""","=""9780140283334""",0,3.69,Penguin Books ,Paperback,182,1999,1954,,2019/09/04,to-read,to-read (#26),to-read,,,,0,0
13249699,"Hope's Daughter (The Ambrosia Sequence, #1)",Melanie Cusick-Jones,"Cusick-Jones, Melanie",,"=""""","=""9781618426710""",0,3.83,Bookbaby,ebook,389,2011,2011,,2019/09/03,to-read,to-read (#25),to-read,,,,0,0
39776179,Dune,Frank Herbert,"Herbert, Frank",,"=""0441013597""","=""9780441013593""",5,4.25,Ace Trade/PenguinRandomHouse,Paperback,687,2005,1965,,2019/09/03,e-shelf,e-shelf (#42),read,,,,1,0
17305367,"Inferno (Robert Langdon, #4)",Dan Brown,"Brown, Dan",,"=""0593072499""","=""9780593072493""",3,3.88,Bantam Press,Hardcover,465,2013,2013,,2018/02/18,fiction,fiction (#76),read,,,,1,0
293366,Buffy the Vampire Slayer: The Origin (Buffy the Vampire Slayer Comic #4 Buffy Season 1),Christopher Golden,"Golden, Christopher",Dan Brereton,"=""1569714290""","=""9781569714294""",0,3.89,Dark Horse Books,Paperback,117,1999,1999,,2019/08/01,to-read,to-read (#24),to-read,,,,0,0
36991055,"Extinct (Extracted Trilogy, #3)",R.R. Haywood,"Haywood, R.R.",,"=""""","=""""",0,4.27,47North,Kindle Edition,396,2018,2018,,2019/08/01,,,read,,,,1,0
33871930,"Executed (Extracted Trilogy, #2)",R.R. Haywood,"Haywood, R.R.",,"=""1611099323""","=""9781611099324""",0,4.35,47North,Paperback,395,2017,2017,,2019/08/01,,,read,,,,1,0
31578285,"Extracted (Extracted Trilogy, #1)",R.R. Haywood,"Haywood, R.R.",,"=""""","=""""",5,3.94,47North,Kindle Edition,400,2017,2017,2019/08/01,2018/05/13,e-shelf,e-shelf (#36),read,,,,1,0
17332969,"The 100 (The 100, #1)",Kass Morgan,"Morgan, Kass",,"=""0316234478""","=""9780316234474""",0,3.57,"Little, Brown and Company",Hardcover,323,2013,2013,,2019/07/25,to-read,to-read (#23),to-read,,,,0,0
40535559,"Suspicious Minds (Stranger Things, #1)",Gwenda Bond,"Bond, Gwenda",,"=""""","=""""",0,3.61,Cornerstone Digital,Kindle Edition,304,2019,2019,,2019/07/18,to-read,to-read (#22),to-read,,,,0,0
9041662,"Hellblazer, Vol. 1: Original Sins",Jamie Delano,"Delano, Jamie","John Ridgway, Alfredo Alcalá, Rick Veitch, Tom Mandrake","=""1401230067""","=""9781401230067""",0,4.01,DC Comics,Paperback,304,2011,2011,,2018/03/01,"unclassified-exclusive, e-shelf","unclassified-exclusive (#113), e-shelf (#18)",unclassified-exclusive,,,,0,0
35954945,The Debt Collector: Wraith. Season 2 (Debt Collector #10-18),Susan Kaye Quinn,"Quinn, Susan Kaye",,"=""""","=""""",3,4.33,,ebook,,,2014,,2019/05/24,,,read,,,,1,0
35954926,"The Debt Collector: Lirium. Season One (Debt Collector, #1-9)",Susan Kaye Quinn,"Quinn, Susan Kaye",,"=""""","=""""",0,4.01,,ebook,,,2013,,2019/05/20,,,read,,,,1,0
36068567,"Marked (Alex Verus, #9)",Benedict Jacka,"Jacka, Benedict",,"=""0356507211""","=""9780356507217""",0,4.24,Orbit,Mass Market Paperback,354,2018,2018,,2019/05/07,,,read,,,,1,0
23236743,"Burned (Alex Verus, #7)",Benedict Jacka,"Jacka, Benedict",,"=""0425275760""","=""9780425275764""",0,4.27,Ace,Mass Market Paperback,326,2016,2016,,2019/05/05,,,read,,,,1,0
23236738,"Veiled (Alex Verus, #6)",Benedict Jacka,"Jacka, Benedict",,"=""""","=""""",0,4.17,Ace,Kindle Edition,296,2015,2015,,2019/05/05,,,read,,,,1,0
18599601,"Hidden (Alex Verus, #5)",Benedict Jacka,"Jacka, Benedict",,"=""""","=""""",0,4.19,Orbit,Kindle Edition,336,2014,2014,,2019/05/03,,,read,,,,1,0
16072988,"Chosen (Alex Verus, #4)",Benedict Jacka,"Jacka, Benedict",,"=""0425264920""","=""9780425264928""",0,4.22,Ace,Mass Market Paperback,294,2013,2013,,2019/05/03,,,read,,,,1,0
13542616,"Taken (Alex Verus, #3)",Benedict Jacka,"Jacka, Benedict",,"=""1937007723""","=""9781937007720""",0,4.13,Ace,Mass Market Paperback,313,2012,2012,,2019/05/03,,,read,,,,1,0
13274082,"Cursed (Alex Verus, #2)",Benedict Jacka,"Jacka, Benedict",,"=""1937007596""","=""9781937007591""",0,4.08,Ace,Mass Market Paperback,293,2012,2012,,2019/05/03,,,read,,,,1,0
11737387,"Fated (Alex Verus, #1)",Benedict Jacka,"Jacka, Benedict",,"=""1937007294""","=""9781937007294""",0,3.89,Ace,Mass Market Paperback,295,2012,2012,,2018/11/24,,,read,,,,1,0
7268509,"Game of Cages (Twenty Palaces, #2)",Harry Connolly,"Connolly, Harry",,"=""0345508904""","=""9780345508904""",0,3.88,Del Rey Books,Mass Market Paperback,352,2010,2010,2019/04/30,2019/04/29,,,read,,,,1,0
9879129,"Circle of Enemies (Twenty Palaces, #3)",Harry Connolly,"Connolly, Harry",,"=""0345508912""","=""9780345508911""",0,4.05,Del Rey,Paperback,320,2011,2011,,2019/04/30,,,read,,,,1,0
33574273,"A Wrinkle in Time (Time Quintet, #1)",Madeleine L'Engle,"L'Engle, Madeleine",,"=""1250153271""","=""9781250153272""",0,3.99,Square Fish,Paperback,218,2017,1962,,2019/04/28,to-read,to-read (#21),to-read,,,,0,0
30281,"Guilty Pleasures (Anita Blake, Vampire Hunter, #1)",Laurell K. Hamilton,"Hamilton, Laurell K.",,"=""0425197549""","=""9780425197547""",0,4.02,Berkley,Paperback,355,2004,1993,,2019/04/27,to-read,to-read (#20),to-read,,,,0,0
21277,"Already Dead (Joe Pitt, #1)",Charlie Huston,"Huston, Charlie",,"=""034547824X""","=""9780345478245""",0,3.80,Del Rey,Paperback,268,2005,2005,,2019/04/27,to-read,to-read (#19),to-read,,,,0,0
6295541,"Child of Fire (Twenty Palaces, #1)",Harry Connolly,"Connolly, Harry",,"=""0345508890""","=""9780345508898""",0,3.73,Del Rey,Mass Market Paperback,343,2009,2009,,2019/04/27,,,read,,,,1,0
36534574,"Lies Sleeping (Rivers of London, #7)",Ben Aaronovitch,"Aaronovitch, Ben",,"=""1473207819""","=""9781473207813""",0,4.25,Gollancz ,Hardcover,406,2018,2018,,2019/04/24,,,read,,,,1,0
25807691,Working for Bigfoot (The Dresden Files #11.4),Jim Butcher,"Butcher, Jim",Vincent Chong,"=""""","=""""",0,4.28,Subterranean Press,Kindle Edition,136,2015,2014,,2019/04/24,,,read,,,,1,0
7779059,"Side Jobs (The Dresden Files, #12.5)",Jim Butcher,"Butcher, Jim",,"=""045146365X""","=""9780451463654""",5,4.26,Roc,Hardcover,418,2010,2010,,2019/04/24,,,read,,,,1,0
70535,2001: A Space Odyssey,Arthur C. Clarke,"Clarke, Arthur C.",,"=""""","=""""",4,4.16,Roc,Paperback,297,2000,1968,,2017/12/13,e-shelf,e-shelf (#1),read,,,,1,0
29397,"Woken Furies (Takeshi Kovacs, #3)",Richard K. Morgan,"Morgan, Richard K.",,"=""0345479718""","=""9780345479716""",0,4.02,Del Rey Books,Hardcover,450,2005,2005,,2019/04/09,,,read,,,,1,0
279561,"Broken Angels (Takeshi Kovacs, #2)",Richard K. Morgan,"Morgan, Richard K.",,"=""0345457714""","=""9780345457714""",0,3.93,Del Rey,Trade Paperback,366,2004,2003,,2019/04/07,,,read,,,,1,0
13810,"Magician: Master (The Riftwar Saga, #2)",Raymond E. Feist,"Feist, Raymond E.",,"=""0553564935""","=""9780553564938""",0,4.24,Spectra Books,Mass Market Paperback,499,1993,1982,,2019/04/02,,,read,,,,1,0
149302,"Silverthorn (The Riftwar Saga, #3)",Raymond E. Feist,"Feist, Raymond E.",,"=""0586064176""","=""9780586064177""",0,4.10,Grafton Books,Mass Market Paperback,432,1986,1985,,2019/04/02,,,read,,,,1,0
13813,"A Darkness At Sethanon (The Riftwar Saga, #4)",Raymond E. Feist,"Feist, Raymond E.",,"=""0586066888""","=""9780586066881""",0,4.19,Grafton Books,Mass Market Paperback,527,1987,1986,,2019/04/02,,,read,,,,1,0
26118426,"Ninefox Gambit (The Machineries of Empire, #1)",Yoon Ha Lee,"Lee, Yoon Ha",,"=""""","=""""",3,3.81,Solaris Books,Paperback,384,2016,2016,,2018/03/15,"e-shelf, fiction","e-shelf (#34), fiction (#139)",read,,,,1,0
12183815,"Brief Cases (The Dresden Files, #15.1)",Jim Butcher,"Butcher, Jim",,"=""0451492129""","=""9780451492128""",5,4.40,Ace,ebook,516,2018,2018,,2018/06/03,,,read,,,,1,0
13812,"Magician: Apprentice (The Riftwar Saga, #1)",Raymond E. Feist,"Feist, Raymond E.",,"=""0553564943""","=""9780553564945""",4,4.17,Bantam Spectra,Mass Market Paperback,485,1994,1982,2019/03/28,2019/03/28,,,read,,,,1,0
57947,Fahrenheit 451,Ray Bradbury,"Bradbury, Ray",,"=""0007181701""","=""9780007181704""",4,3.97,Voyager,Paperback,184,2004,1953,,2018/02/18,"fiction, e-shelf","fiction (#41), e-shelf (#10)",read,,,,1,0
34497,"The Color of Magic (Discworld, #1; Rincewind, #1)",Terry Pratchett,"Pratchett, Terry",,"=""0060855924""","=""9780060855925""",3,4.00,Harper,Paperback,228,2005,1983,,2017/12/13,e-shelf,e-shelf (#2),read,,,,1,0
2193694,StarGate: A Novel,Dean Devlin,"Devlin, Dean",Roland Emmerich,"=""0451184106""","=""9780451184108""",4,4.03,Signet,Paperback,272,1994,1994,,2018/02/24,"fiction, e-shelf","fiction (#97), e-shelf (#14)",read,,,,1,0
24519837,Step on a Crack,James Patterson,"Patterson, James","Michael Ledwidge, John Slattery, Reg Rogers","=""0755330420""","=""9780755330423""",0,4.04,Headline,Audio CD,,2007,2007,,2019/01/05,to-read,to-read (#17),to-read,,,,0,0
307791,"The City of Ember (Book of Ember, #1)",Jeanne DuPrau,"DuPrau, Jeanne",,"=""0375822747""","=""9780375822742""",0,3.89,Random House Children's Books,Paperback,270,2003,2003,,2018/11/24,to-read,to-read (#16),to-read,,,,0,0
7137327,"Enclave (Razorland, #1)",Ann Aguirre,"Aguirre, Ann",,"=""0312650086""","=""9780312650087""",0,3.91,Feiwel & Friends,Hardcover,259,2011,2011,,2018/11/24,to-read,to-read (#15),to-read,,,,0,0
6665847,"Daemon (Daemon, #1)",Daniel Suarez,"Suarez, Daniel",,"=""0451228731""","=""9780451228734""",0,4.16,Signet,Mass Market Paperback,632,2009,2006,,2018/11/24,to-read,to-read (#14),to-read,,,,0,0
11468888,Jim Butcher's Dresden Files: Fool Moon. Volume 1,Jim Butcher,"Butcher, Jim","Mark Powers, Chase Conley","=""1606902105""","=""9781606902103""",4,4.17,Dynamite Entertainment,Hardcover,128,2011,2011,2018/11/24,2018/02/26,fiction,fiction (#119),read,,,,1,0
12844415,"The Wrong Goodbye (The Collector, #2)",Chris F. Holm,"Holm, Chris F.",Chris  Holm,"=""""","=""""",0,3.91,Angry Robot,Kindle Edition,400,2012,2012,,2018/11/24,to-read,to-read (#13),to-read,,,,0,0
11806282,"Dead Harvest (The Collector, #1)",Chris F. Holm,"Holm, Chris F.",,"=""""","=""""",4,3.59,Angry Robot,Kindle Edition,300,2012,2012,,2018/03/01,e-shelf,e-shelf (#26),read,,,,1,0
12287209,"Wool (Wool, #1)",Hugh Howey,"Howey, Hugh",,"=""""","=""""",5,4.12,Broad Reach,Kindle Edition,58,2011,2011,2018/03/10,2018/03/01,e-shelf,e-shelf (#21),read,,,,1,0
17855756,"Dust (Silo, #3)",Hugh Howey,"Howey, Hugh",,"=""1490904387""","=""9781490904382""",5,4.25,Broad Reach Publishing,Paperback,458,2013,2013,,2018/11/09,e-shelf,e-shelf (#41),read,,,,1,0
31626329,"The Furthest Station (Rivers of London, #5.5)",Ben Aaronovitch,"Aaronovitch, Ben",,"=""1473222443""","=""9781473222441""",0,4.10,Orion,ebook,144,2017,2017,,2018/02/26,e-shelf,e-shelf (#15),read,,,,1,0
13038833,"Forge of Darkness (The Kharkanas Trilogy, #1)",Steven Erikson,"Erikson, Steven",,"=""0593062175""","=""9780593062173""",3,4.13,Bantam Press,Hardcover,662,2012,2012,,2018/11/09,e-shelf,e-shelf (#40),read,,,,1,0
3432478,"The Forest of Hands and Teeth (The Forest of Hands and Teeth, #1)",Carrie Ryan,"Ryan, Carrie",,"=""0575090855""","=""9780575090859""",4,3.60,Gollancz,Paperback,310,2009,2009,,2018/03/15,"e-shelf, fiction","e-shelf (#35), fiction (#140)",read,,,,1,0
41804,"I, Robot (Robot, #0.1)",Isaac Asimov,"Asimov, Isaac",,"=""0553803700""","=""9780553803709""",3,4.21,Bantam Books,Hardcover,224,2004,1950,,2018/02/10,e-shelf,e-shelf (#4),read,,,,1,0
40792913,"Altered Carbon (Takeshi Kovacs, #1)",Richard K. Morgan,"Morgan, Richard K.",,"=""""","=""""",5,4.04,Del Rey,Kindle Edition,544,2018,2002,,2018/11/09,e-shelf,e-shelf (#39),read,,,,1,0
4381,Fahrenheit 451,Ray Bradbury,"Bradbury, Ray",Alfredo Crespo,"=""0307347974""","=""9780307347978""",5,3.97,DeBolsillo,Mass Market Paperback,158,2004,1953,,2018/11/09,,,read,,,,1,0
40604857,Rivers of London: Water Weed #4,Andrew Cartmel,"Cartmel, Andrew","Ben Aaronovitch, Lee Sullivan, Luis Guerrero","=""""","=""""",0,4.17,Titan Books,Kindle Edition,,2018,2018,,2018/09/01,to-read,to-read (#12),to-read,,,,0,0
43916,"Magician (The Riftwar Saga, #1-2)",Raymond E. Feist,"Feist, Raymond E.",,"=""0586217835""","=""9780586217832""",0,4.31,HarperCollins,Paperback,681,2009,1982,,2018/05/23,"e-shelf, fiction, to-read","e-shelf (#38), fiction (#141), to-read (#11)",to-read,,,,0,0
26114139,"Ravage (Scarred Souls, #3)",Tillie Cole,"Cole, Tillie",,"=""1250086299""","=""9781250086297""",0,4.27,St. Martin's Griffin,Paperback,336,2016,2016,,2018/05/16,to-read,to-read (#10),to-read,,,,0,0
12930,"Messenger (The Giver, #3)",Lois Lowry,"Lowry, Lois",,"=""0385732538""","=""9780385732536""",3,3.91,Ember,Paperback,169,2006,2004,2018/04/23,2018/03/14,,,read,,,,1,0
17272474,The Edge of Nowhere,Elizabeth  George,"George, Elizabeth",,"=""1444719963""","=""9781444719963""",0,3.41,Hodder & Stoughton,Paperback,400,2013,2011,,2018/02/18,"unclassified-exclusive, fiction","unclassified-exclusive (#46), fiction (#59)",unclassified-exclusive,,,,0,0
155421,"Something from the Nightside (Nightside, #1)",Simon R. Green,"Green, Simon R.",,"=""0441010652""","=""9780441010653""",0,3.77,Ace Books,Mass Market Paperback,230,2003,2003,,2018/03/15,"e-shelf, to-read, fiction","e-shelf (#32), to-read (#9), fiction (#137)",to-read,,,,0,0
10086357,"Rivers of London (Rivers of London, #1)",Ben Aaronovitch,"Aaronovitch, Ben",,"=""0575097582""","=""""",4,3.87,Gollancz,Paperback,392,2011,2011,2017/01/01,2017/12/13,fiction,fiction (#1),read,,,,1,0
12382940,"The Maze Runner (Maze Runner, #1)",James Dashner,"Dashner, James",,"=""1908435135""","=""9781908435132""",5,4.04,Chicken House,Paperback,371,2011,2009,,2018/02/02,fiction,fiction (#14),read,,,,1,0
166905,Norstrilia,Cordwainer Smith,"Smith, Cordwainer",Robert Silverberg,"=""0743458346""","=""9780743458344""",5,4.05,iBooks,Paperback,288,2003,1975,,2018/02/17,fiction,fiction (#17),read,,,,1,0
164049,The Art of War,Sun Tzu,"Tzu, Sun",John Minford,"=""0140439196""","=""9780140439199""",3,3.97,Penguin,Paperback,325,2003,-400,,2018/02/18,non-fiction,non-fiction (#19),read,,,,1,0
978926,The Godfather,Mario Puzo,"Puzo, Mario",,"=""""","=""""",5,4.38,Pan Books Ltd.,Mass Market Paperback,448,1970,1969,,2018/02/18,fiction,fiction (#68),read,,,,1,0
3744438,1984,George Orwell,"Orwell, George",Peter Hobley Davison,"=""0141036141""","=""9780141036144""",4,4.19,Penguin Books,Paperback,336,2008,1949,,2018/02/18,fiction,fiction (#69),read,,,,1,0
8680418,"Moon Over Soho (Rivers of London, #2)",Ben Aaronovitch,"Aaronovitch, Ben",,"=""0345524594""","=""9780345524591""",4,4.09,Random House Ballantine ,Paperback,289,2011,2011,2017/01/01,2018/02/24,fiction,fiction (#78),read,,,,1,0
25938442,"The Hanging Tree (Peter Grant, #6)",Ben Aaronovitch,"Aaronovitch, Ben",,"=""0756409675""","=""9780756409678""",5,4.22,DAW,Paperback,292,2017,2016,2018/02/27,2018/02/24,"fiction, e-shelf","fiction (#79), e-shelf (#12)",read,,,,1,0
4961955,"Cursor's Fury (The Codex Alera, #3)",Jim Butcher,"Butcher, Jim",,"=""1841497460""","=""9781841497464""",5,4.36,Orbit,Paperback,614,2009,2006,,2018/02/24,fiction,fiction (#80),read,,,,1,0
4961960,"Academ's Fury (Codex Alera, #2)",Jim Butcher,"Butcher, Jim",,"=""1841497452""","=""9781841497457""",5,4.26,Orbit,Paperback,628,2009,2005,,2018/02/24,fiction,fiction (#81),read,,,,1,0
950956,The Winner,David Baldacci,"Baldacci, David",,"=""0671015753""","=""9780671015756""",5,4.11,Pocket Books,Paperback,,1999,1997,,2018/02/24,fiction,fiction (#82),read,,,,1,0
16080728,"Whispers Under Ground (Rivers of London, #3)",Ben Aaronovitch,"Aaronovitch, Ben",,"=""""","=""""",4,4.15,Gollancz,Paperback,418,2012,2012,2018/01/01,2018/02/24,fiction,fiction (#83),read,,,,1,0
4961946,"Captain's Fury (Codex Alera, #4)",Jim Butcher,"Butcher, Jim",,"=""1841497479""","=""9781841497471""",5,4.37,Orbit,Mass Market Paperback,598,2009,2007,,2018/02/24,fiction,fiction (#85),read,,,,1,0
6303648,"Princeps' Fury (Codex Alera, #5)",Jim Butcher,"Butcher, Jim",,"=""0441017967""","=""9780441017966""",5,4.37,Ace,Mass Market Paperback,627,2009,2008,,2018/02/24,fiction,fiction (#86),read,,,,1,0
6948149,"First Lord's Fury (Codex Alera, #6)",Jim Butcher,"Butcher, Jim",,"=""1841498513""","=""9781841498515""",5,4.39,Orbit,Mass Market Paperback,691,2010,2009,,2018/02/24,fiction,fiction (#87),read,,,,1,0
13117292,"The Death Cure (Maze Runner, #3)",James Dashner,"Dashner, James",,"=""1908435208""","=""9781908435200""",4,3.78,Chicken House,Paperback,329,2012,2011,,2018/02/24,fiction,fiction (#88),read,,,,1,0
10193699,"The Scorch Trials (Maze Runner, #2)",James Dashner,"Dashner, James",,"=""0385738765""","=""9780385738767""",4,3.90,Delacorte Press,Paperback,361,2011,2010,,2018/02/24,fiction,fiction (#89),read,,,,1,0
12936,"Gathering Blue (The Giver, #2)",Lois Lowry,"Lowry, Lois",,"=""0385732562""","=""9780385732567""",3,3.82,Delacorte Press,Paperback,240,2000,2000,2018/03/14,2018/02/24,e-shelf,e-shelf (#13),read,,,,1,0
8786481,"Harry Potter and the Deathly Hallows (Harry Potter, #7)",J.K. Rowling,"Rowling, J.K.",,"=""1408810603""","=""9781408810606""",4,4.62,Bloomsbury,Paperback,607,2010,2007,,2018/02/24,fiction,fiction (#90),read,,,,1,0
343177,"The Underground (Animorphs, #17)",K.A. Applegate,"Applegate, K.A.",Katherine Applegate,"=""0590494368""","=""9780590494366""",4,3.74,Scholastic Inc.,Paperback,164,1998,1998,,2018/02/24,fiction,fiction (#99),read,,,,1,0
125333,"The Encounter (Animorphs, #3)",K.A. Applegate,"Applegate, K.A.",Katherine Applegate,"=""0590629794""","=""9780590629799""",5,3.89,Scholastic Paperbacks,Mass Market Paperback,154,1996,1996,,2018/02/24,fiction,fiction (#100),read,,,,1,0
948507,"The Eternity Code (Artemis Fowl, #3)",Eoin Colfer,"Colfer, Eoin",,"=""0786818158""","=""9780786818150""",4,4.05,Disney-Hyperion,Paperback,309,2003,2003,,2018/02/24,fiction,fiction (#102),read,,,,1,0
363394,"The Departure (Animorphs, #19)",K.A. Applegate,"Applegate, K.A.",Katherine Applegate,"=""0590494511""","=""9780590494519""",5,3.94,Scholastic Inc.,Paperback,159,1998,1998,,2018/02/24,fiction,fiction (#101),read,,,,1,0
343803,"Harry Potter and the Order of the Phoenix (Harry Potter, #5)",J.K. Rowling,"Rowling, J.K.",Mary GrandPré,"=""0439567629""","=""9780439567626""",5,4.50,Arthur A. Levine Books,Hardcover,870,2003,2003,,2018/02/24,fiction,fiction (#91),read,,,,1,0
265016,Othello,William Shakespeare,"Shakespeare, William","Rex Gibson, Jane Coles","=""0521618762""","=""9780521618762""",3,3.90,Cambridge University Press,Paperback,256,2005,1603,,2018/02/24,fiction,fiction (#95),read,,,,1,0
1764046,"Escape from Vampire Park (Graveyard School, #25)",Tom B. Stone,"Stone, Tom B.",,"=""0553485407""","=""9780553485400""",2,3.28,Skylark,Paperback,112,1998,1998,,2018/02/24,fiction,fiction (#105),read,,,,1,0
20893457,"Foxglove Summer (Peter Grant, #5)",Ben Aaronovitch,"Aaronovitch, Ben",,"=""0756409667""","=""9780756409661""",5,4.20,DAW,Paperback,323,2015,2014,,2018/02/26,fiction,fiction (#116),read,,,,1,0
10409571,"Summer Knight (The Dresden Files, #4)",Jim Butcher,"Butcher, Jim",,"=""0356500306""","=""9780356500300""",5,4.27,Orbit,Paperback,417,2011,2002,,2018/02/26,fiction,fiction (#118),read,,,,1,0
30904405,"The Aeronaut's Windlass (The Cinder Spires, #1)",Jim Butcher,"Butcher, Jim",,"=""0356503666""","=""9780356503660""",5,4.18,Orbit,Paperback,630,2016,2015,,2018/02/26,fiction,fiction (#121),read,,,,1,0
375802,"Ender’s Game (Ender's Saga, #1)",Orson Scott Card,"Card, Orson Scott",,"=""0812550706""","=""9780812550702""",3,4.31,Tor,Mass Market Paperback,324,2004,1985,,2018/03/09,e-shelf,e-shelf (#29),read,,,,1,0
17306293,"Shift (Silo, #2)",Hugh Howey,"Howey, Hugh",,"=""""","=""""",4,4.12,Broad Reach Publishing,Kindle Edition,579,2013,2013,,2018/03/10,e-shelf,e-shelf (#30),read,,,,1,0
13324841,"Son (The Giver, #4)",Lois Lowry,"Lowry, Lois",,"=""0547887205""","=""9780547887203""",4,3.99,Clarion Books,Hardcover,393,2012,2012,,2018/03/14,,,read,,,,1,0
7967,"Speaker for the Dead (Ender's Saga, #2)",Orson Scott Card,"Card, Orson Scott",,"=""0812550757""","=""9780812550757""",0,4.09,Tor Books,Paperback,382,1994,1986,,2018/03/08,"to-read, e-shelf","to-read (#8), e-shelf (#28)",to-read,,,,0,0
38924969,Best Business Letters: Kit,Barry Pestana,"Pestana, Barry",,"=""""","=""9781863950978""",0,0.0,Black Inc.,,,,,,2018/03/03,"unclassified-exclusive, non-fiction","unclassified-exclusive (#126), non-fiction (#66)",unclassified-exclusive,,,,0,0
1798045,Oxford Dictionary of Rhymes,Oxford University Press,"Press, Oxford University",,"=""0192806882""","=""9780192806888""",0,5.00,"Oxford University Press, USA",Paperback,413,2007,2006,,2018/03/03,"unclassified-exclusive, non-fiction","unclassified-exclusive (#125), non-fiction (#65)",unclassified-exclusive,,,,0,0
38923757,Macquarie Pocket Dictionary,Alison Moore,"Moore, Alison",,"=""""","=""9781742460710""",0,0.0,John Wiley & Sons Australia Ltd,,,2010,,,2018/03/03,"unclassified-exclusive, non-fiction","unclassified-exclusive (#124), non-fiction (#64)",unclassified-exclusive,,,,0,0
34690768,Justice League by Geoff Johns Box Set Vol. 1,Geoff Johns,"Johns, Geoff",Jim Lee,"=""1401276121""","=""9781401276126""",0,3.83,DC Comics,Paperback,500,2017,,,2018/03/03,"unclassified-exclusive, fiction","unclassified-exclusive (#123), fiction (#136)",unclassified-exclusive,,,,0,0
35959857,Before I Was Yours,Virginia Macgregor,"Macgregor, Virginia",,"=""0751565229""","=""9780751565225""",0,4.18,Sphere,Paperback,448,2018,2017,,2018/02/17,"unclassified-exclusive, fiction","unclassified-exclusive (#16), fiction (#24)",unclassified-exclusive,,,,0,0
13497991,"The Hydrogen Sonata (Culture, #10)",Iain M. Banks,"Banks, Iain M.",,"=""0356501507""","=""9780356501505""",0,4.19,Orbit,Hardcover,517,2012,2012,,2018/03/02,"fiction, unclassified-exclusive","fiction (#135), unclassified-exclusive (#122)",unclassified-exclusive,,,,0,0
33260844,The Stolen Child,Sanjida Kay,"Kay, Sanjida",,"=""""","=""""",0,3.97,Corvus,Kindle Edition,337,2017,2017,,2018/03/02,"unclassified-exclusive, fiction","unclassified-exclusive (#121), fiction (#134)",unclassified-exclusive,,,,0,0
5886881,Dark Places,Gillian Flynn,"Flynn, Gillian",,"=""0307341569""","=""9780307341563""",0,3.95,Shaye Areheart Books,Hardcover,349,2009,2009,,2018/03/02,"fiction, unclassified-exclusive","fiction (#133), unclassified-exclusive (#120)",unclassified-exclusive,,,,0,0
8643407,"Hard Magic (Grimnoir Chronicles, #1)",Larry Correia,"Correia, Larry",,"=""1439134340""","=""9781439134344""",0,4.14,Baen,Mass Market Paperback,423,2011,2011,,2018/03/01,"unclassified-exclusive, e-shelf","unclassified-exclusive (#119), e-shelf (#27)",unclassified-exclusive,,,,0,0
101869,"The Atrocity Archives (Laundry Files, #1)",Charles Stross,"Stross, Charles",,"=""0441013651""","=""9780441013654""",0,3.90,Ace,Paperback,345,2006,2004,,2018/03/01,"unclassified-exclusive, e-shelf","unclassified-exclusive (#118), e-shelf (#25)",unclassified-exclusive,,,,0,0
2118745,"The Knife of Never Letting Go (Chaos Walking, #1)",Patrick Ness,"Ness, Patrick",,"=""1406310255""","=""9781406310252""",0,3.97,Walker,Hardcover,479,2008,2008,,2018/03/01,"e-shelf, unclassified-exclusive","e-shelf (#24), unclassified-exclusive (#117)",unclassified-exclusive,,,,0,0
448873,"The Thief (The Queen's Thief, #1)",Megan Whalen Turner,"Turner, Megan Whalen",,"=""0060824972""","=""9780060824976""",0,3.86,Greenwillow Books,Paperback,280,2005,1996,,2018/03/01,"unclassified-exclusive, e-shelf","unclassified-exclusive (#115), e-shelf (#20)",unclassified-exclusive,,,,0,0
9533378,"Hounded (The Iron Druid Chronicles, #1)",Kevin Hearne,"Hearne, Kevin",,"=""0345522478""","=""9780345522474""",0,4.10,Del Rey,Mass Market Paperback,304,2011,2011,,2018/03/01,"unclassified-exclusive, e-shelf","unclassified-exclusive (#116), e-shelf (#22)",unclassified-exclusive,,,,0,0
764347,"Unwind (Unwind, #1)",Neal Shusterman,"Shusterman, Neal",,"=""1416912045""","=""9781416912040""",0,4.17,Simon & Schuster Books for Young Readers,Hardcover,337,2007,2007,,2018/03/01,"unclassified-exclusive, e-shelf","unclassified-exclusive (#114), e-shelf (#19)",unclassified-exclusive,,,,0,0
14915175,"Blade Song (Colbana Files, #1)",J.C. Daniels,"Daniels, J.C.",,"=""1617507776""","=""9781617507779""",0,3.79,"Shiloh Walker, Inc",ebook,174,2012,2012,,2018/03/01,"e-shelf, unclassified-exclusive","e-shelf (#17), unclassified-exclusive (#112)",unclassified-exclusive,,,,0,0
6148028,"Catching Fire (The Hunger Games, #2)",Suzanne Collins,"Collins, Suzanne",,"=""0439023491""","=""9780439023498""",5,4.31,Scholastic Press,Hardcover,391,2009,2009,,2018/02/28,,,read,,,,1,0
18630,"The Player of Games (Culture, #2)",Iain M. Banks,"Banks, Iain M.",,"=""0061053562""","=""9780061053566""",5,4.28,HarperPrism,Paperback,293,1997,1988,,2018/02/28,,,read,,,,1,0
7260188,"Mockingjay (The Hunger Games, #3)",Suzanne Collins,"Collins, Suzanne",,"=""0439023513""","=""9780439023511""",5,4.07,Scholastic Press,Hardcover,398,2010,2010,,2018/02/28,,,read,,,,1,0
38810100,Heinemann Primary Dictionary,Linsay Knight,"Knight, Linsay",,"=""""","=""9780731219599""",0,0.0,Pearson Australia,Paperback,692,,,,2018/02/26,"unclassified-exclusive, non-fiction","unclassified-exclusive (#111), non-fiction (#63)",unclassified-exclusive,,,,0,0
7690858,Handbook Of Practical English / R. C. Corish,R.C. Corish,"Corish, R.C.",,"=""0723350272""","=""9780723350279""",0,0.0,,,,,,,2018/02/26,"unclassified-exclusive, non-fiction","unclassified-exclusive (#110), non-fiction (#62)",unclassified-exclusive,,,,0,0
7015215,A Dictionary of Law,Jonathan Law,"Law, Jonathan",,"=""0199551243""","=""9780199551248""",0,4.14,"Oxford University Press, USA",Paperback,602,2009,1994,,2018/02/26,"unclassified-exclusive, non-fiction","unclassified-exclusive (#109), non-fiction (#61)",unclassified-exclusive,,,,0,0
12298805,A Small Book About Drugs,Lisa Pryor,"Pryor, Lisa",,"=""""","=""9781742372341""",0,3.73,Allen & Unwin,Paperback,168,2011,2011,,2018/02/26,"unclassified-exclusive, non-fiction","unclassified-exclusive (#108), non-fiction (#60)",unclassified-exclusive,,,,0,0
18406301,The 80/20 Principle and 92 Other Powerful Laws of Nature: The Science of Success,Richard Koch,"Koch, Richard",,"=""1857886119""","=""9781857886115""",0,3.74,Nicholas Brealey,Paperback,228,2014,2013,,2018/02/26,"unclassified-exclusive, non-fiction","unclassified-exclusive (#107), non-fiction (#59)",unclassified-exclusive,,,,0,0
13517436,Lone Wolf,Jodi Picoult,"Picoult, Jodi",,"=""1742379060""","=""9781742379067""",0,3.72,Allen & Unwin,Trade Paperback,416,2012,2012,,2018/02/26,"unclassified-exclusive, non-fiction, fiction","unclassified-exclusive (#106), non-fiction (#58), fiction (#132)",unclassified-exclusive,,,,0,0
4013650,Digital Art (World of Art),Christiane Paul,"Paul, Christiane",,"=""0500203989""","=""9780500203989""",0,3.59,Thames  Hudson,Paperback,256,2008,2003,,2018/02/26,"non-fiction, unclassified-exclusive","non-fiction (#57), unclassified-exclusive (#105)",unclassified-exclusive,,,,0,0
7947129,Coming of Age in Second Life: An Anthropologist Explores the Virtually Human: An Anthopologist Explores the Virtually Human,Tom Boellstorff,"Boellstorff, Tom",,"=""0691146276""","=""9780691146270""",0,3.61,Princeton University Press,Paperback,336,2010,2008,,2018/02/26,"unclassified-exclusive, non-fiction","unclassified-exclusive (#104), non-fiction (#56)",unclassified-exclusive,,,,0,0
19346451,"The Revenge of Seven (Lorien Legacies, #5)",Pittacus Lore,"Lore, Pittacus",,"=""0062194720""","=""9780062194725""",0,4.26,HarperCollins,Hardcover,371,2014,2014,,2018/02/26,"unclassified-exclusive, fiction","unclassified-exclusive (#103), fiction (#131)",unclassified-exclusive,,,,0,0
2531714,The Concise Oxford Dictionary of Archaeology,Timothy Darvill,"Darvill, Timothy",,"=""0199534047""","=""9780199534043""",0,4.24,"Oxford University Press, USA",Paperback,560,2010,2002,,2018/02/26,"unclassified-exclusive, non-fiction","unclassified-exclusive (#102), non-fiction (#55)",unclassified-exclusive,,,,0,0
13142037,How to Remember Anything,Mark Channon,"Channon, Mark",,"=""1444145746""","=""9781444145748""",0,3.91,Teach Yourself,Paperback,256,2013,2011,,2018/02/26,"unclassified-exclusive, non-fiction","unclassified-exclusive (#101), non-fiction (#54)",unclassified-exclusive,,,,0,0
3276603,Buddhism In A Nutshell,"Nārada, Maha Thera","Thera, Nārada, Maha",,"=""9839382012""","=""9789839382013""",0,3.72,Sukhi Hotu,,74,1996,1933,,2018/02/26,"non-fiction, unclassified-exclusive","non-fiction (#53), unclassified-exclusive (#100)",unclassified-exclusive,,,,0,0
32283133,"Origin (Robert Langdon, #5)",Dan Brown,"Brown, Dan",,"=""0385514239""","=""9780385514231""",0,3.88,Doubleday,Hardcover,461,2017,2017,,2018/02/26,fiction,fiction (#130),read,,,,1,0
13337211,Programming And Planning In Early Childhood Settings,Leonie Arthur,"Arthur, Leonie",,"=""0170111660""","=""9780170111669""",0,4.17,,,,,,,2018/02/26,"non-fiction, unclassified-exclusive","non-fiction (#51), unclassified-exclusive (#99)",unclassified-exclusive,,,,0,0
22819539,First Aid: Responding to Emergencies,Australian Red Cross,"Cross, Australian Red",,"=""1875897011""","=""""",0,4.50,Mosby Lifeline,Paperback,378,1995,1995,,2018/02/26,"unclassified-exclusive, non-fiction","unclassified-exclusive (#98), non-fiction (#50)",unclassified-exclusive,,,,0,0
33186,Hamlet,William Shakespeare,"Shakespeare, William","Philip Edwards, Robert Hapgood","=""0521532523""","=""9780521532525""",0,4.03,Cambridge University Press/The New Cambridge Shakespeare,Paperback,270,2003,1601,,2018/02/26,"unclassified-exclusive, fiction","unclassified-exclusive (#97), fiction (#129)",unclassified-exclusive,,,,0,0
29388608,Yassmin's Story,Yassmin Abdel-Magied,"Abdel-Magied, Yassmin",,"=""0857986155""","=""9780857986153""",0,3.92,Penguin Random House,Paperback,326,2016,,,2018/02/26,"non-fiction, unclassified-exclusive","non-fiction (#49), unclassified-exclusive (#96)",unclassified-exclusive,,,,0,0
25710306,The Good Girl,Mary Kubica,"Kubica, Mary",,"=""1743693508""","=""9781743693506""",0,3.82,MIRA,Paperback,384,2015,2014,,2018/02/26,"unclassified-exclusive, fiction","unclassified-exclusive (#95), fiction (#128)",unclassified-exclusive,,,,0,0
3506264,More Positive Thinking,Vera Peiffer,"Peiffer, Vera",,"=""1862044910""","=""9781862044913""",0,3.20,HarperCollins Publishers,Paperback,160,1999,1995,,2018/02/26,"unclassified-exclusive, non-fiction","unclassified-exclusive (#94), non-fiction (#48)",unclassified-exclusive,,,,0,0
137703,Learning and Behavior: A Contemporary Synthesis,Mark E. Bouton,"Bouton, Mark E.",,"=""0878930639""","=""9780878930630""",0,3.61,W.H. Freeman & Company,Hardcover,482,2007,2006,,2018/02/26,"non-fiction, unclassified-exclusive","non-fiction (#47), unclassified-exclusive (#93)",unclassified-exclusive,,,,0,0
8848746,Staying Alive,Alison Verhoeven,"Verhoeven, Alison",Peter Bowler,"=""0949569208""","=""9780949569202""",0,0.0,,,117,,,,2018/02/26,"non-fiction, unclassified-exclusive","non-fiction (#46), unclassified-exclusive (#92)",unclassified-exclusive,,,,0,0
544948,Living Well with Depression and Bipolar Disorder: What Your Doctor Doesn't Tell You...That You Need to Know,John McManamy,"McManamy, John",,"=""0060897422""","=""9780060897420""",4,3.66,William Morrow Paperbacks,Paperback,416,2006,2006,,2018/02/26,non-fiction,non-fiction (#45),read,,,,1,0
13754317,Starting Out in Shares: The ASX Way,Australian Securities Exchange,"Exchange, Australian Securities",,"=""0731407377""","=""9780731407378""",0,4.50,Wrightbooks,Paperback,201,2011,2008,,2018/02/26,"non-fiction, unclassified-exclusive","non-fiction (#44), unclassified-exclusive (#91)",unclassified-exclusive,,,,0,0
6906189,Change of Heart,Jodi Picoult,"Picoult, Jodi",,"=""""","=""9781741757613""",0,3.94,Allen & Unwin,Paperback,496,2009,2008,,2018/02/26,"unclassified-exclusive, fiction","unclassified-exclusive (#90), fiction (#127)",unclassified-exclusive,,,,0,0
38805753,Australian & World Records 2006,Jenifer Corr Morse,"Morse, Jenifer Corr",David Harris,"=""""","=""9781865048178""",0,0.0,Scholastic Australia,Paperback,,,,,2018/02/26,"unclassified-exclusive, non-fiction","unclassified-exclusive (#89), non-fiction (#43)",unclassified-exclusive,,,,0,0
812769,The Picture of Dorian Gray,Oscar Wilde,"Wilde, Oscar",John M.L. Drew,"=""""","=""""",0,4.11,Wordsworth Editions,Paperback,194,2001,1890,,2018/02/26,"fiction, unclassified-exclusive","fiction (#125), unclassified-exclusive (#87)",unclassified-exclusive,,,,0,0
370789,Cosmos,Carl Sagan,"Sagan, Carl",,"=""0345331354""","=""9780345331359""",0,4.38,Ballantine Books,Paperback,324,1985,1980,,2018/02/26,"unclassified-exclusive, non-fiction","unclassified-exclusive (#86), non-fiction (#42)",unclassified-exclusive,,,,0,0
12673395,Secrets Of Internet Entrepreneurs Exposed,Dale Beaumont,"Beaumont, Dale",,"=""0980308704""","=""9780980308709""",0,3.25,Dream Express International,,,2007,2007,,2018/02/26,"unclassified-exclusive, non-fiction","unclassified-exclusive (#85), non-fiction (#41)",unclassified-exclusive,,,,0,0
9263803,The Secret,Rhonda Byrne,"Byrne, Rhonda","Can Üstünuçar, Pantha Nirvano","=""9944482137""","=""9789944482134""",0,3.72,MİA Basım Yayın,Hardcover,200,2007,2006,,2018/02/26,"unclassified-exclusive, fiction","unclassified-exclusive (#84), fiction (#124)",unclassified-exclusive,,,,0,0
3942883,Understanding Dreams,Keith Hearne,"Hearne, Keith",David Melbourne,"=""1853688126""","=""9781853688126""",0,3.58,New Holland Australia(AU),Hardcover,128,2000,2000,,2018/02/26,"unclassified-exclusive, non-fiction","unclassified-exclusive (#83), non-fiction (#39)",unclassified-exclusive,,,,0,0
28285656,100 Australian Poems for Children,Clare Scott-Mitchell,"Scott-Mitchell, Clare","Kathlyn Griffith, Gregory Rogers","=""174051775X""","=""9781740517751""",0,3.33,Random House Australia,Hardcover,119,2002,,,2018/02/26,"unclassified-exclusive, fiction","unclassified-exclusive (#82), fiction (#123)",unclassified-exclusive,,,,0,0
22510078,History's Greatest Mysteries and the Secrets Behind Them,Bill Price,"Price, Bill",,"=""1435143930""","=""9781435143937""",0,3.33,Metro Books,Paperback,256,2012,2012,,2018/02/26,"unclassified-exclusive, non-fiction","unclassified-exclusive (#81), non-fiction (#38)",unclassified-exclusive,,,,0,0
11002565,World History 50 Key Milestones You Really Need to Know,Ian Crofton,"Crofton, Ian",,"=""1848661312""","=""9781848661318""",0,3.76,Quercus,Hardcover,208,2011,2010,,2018/02/26,"unclassified-exclusive, non-fiction","unclassified-exclusive (#80), non-fiction (#37)",unclassified-exclusive,,,,0,0
7632483,Psychology: Themes and Variations,Wayne Weiten,"Weiten, Wayne",,"=""1439001294""","=""9781439001295""",0,3.71,Wadsworth Publishing Company,Hardcover,707,2008,1900,,2018/02/26,"unclassified-exclusive, non-fiction","unclassified-exclusive (#79), non-fiction (#35)",unclassified-exclusive,,,,0,0
31846380,Guinness World Records 2009,Craig Glenday,"Glenday, Craig",,"=""0973551496""","=""9780973551495""",0,4.17,Jaguar Book Group,Hardcover,,2008,2008,,2018/02/26,"unclassified-exclusive, non-fiction","unclassified-exclusive (#78), non-fiction (#34)",unclassified-exclusive,,,,0,0
564184,A History of the Jewish People,H.H. Ben-Sasson,"Ben-Sasson, H.H.",,"=""0674397312""","=""9780674397316""",0,4.00,Harvard University Press,Paperback,1232,1985,1976,,2018/02/26,"unclassified-exclusive, non-fiction","unclassified-exclusive (#77), non-fiction (#33)",unclassified-exclusive,,,,0,0
7840206,The Routledge Atlas of Jewish History,Martin  Gilbert,"Gilbert, Martin",,"=""0415558115""","=""9780415558112""",0,4.09,Routledge,Paperback,183,2010,1995,,2018/02/26,"unclassified-exclusive, non-fiction","unclassified-exclusive (#76), non-fiction (#32)",unclassified-exclusive,,,,0,0
13029989,Gather Yourselves Together,Philip K. Dick,"Dick, Philip K.",,"=""054757262X""","=""9780547572628""",0,3.02,Mariner Books,Paperback,377,2012,1994,,2018/02/26,"to-read, fiction","to-read (#7), fiction (#122)",to-read,,,,0,0
28681696,Dictionary of Science (Get Results!),Geddes and Grosset,"Grosset, Geddes and",,"=""185534369X""","=""""",0,3.00,Geddes & Grosset,Paperback,,1998,,,2018/02/26,"unclassified-exclusive, non-fiction","unclassified-exclusive (#75), non-fiction (#30)",unclassified-exclusive,,,,0,0
11340513,The Magic of Reality: How We Know What's Really True,Richard Dawkins,"Dawkins, Richard",Dave McKean,"=""059306612X""","=""9780593066126""",0,4.05,Bantam Press,Hardcover,265,2011,2011,,2018/02/26,"non-fiction, unclassified-exclusive","non-fiction (#29), unclassified-exclusive (#74)",unclassified-exclusive,,,,0,0
47212,"Storm Front (The Dresden Files, #1)",Jim Butcher,"Butcher, Jim",,"=""0451457811""","=""9780451457813""",5,3.98,Penguin ROC,Mass Market Paperback,355,2000,2000,,2018/02/02,fiction,fiction (#120),read,,,,1,0
13227852,"Justice League, Volume 1: Origin",Geoff Johns,"Johns, Geoff","Jim Lee, Scott Williams, Carlos D'Anda, Ivan Reis, Sandra Hope, Paul Pelletier, Batt, Joe Prado, Mark   Irwin, Pat Brosseau, Jason Fabok, Alex Sinclair, Gabe Eltaeb, Tony Aviña","=""1401234615""","=""9781401234614""",0,3.98,DC Comics,Hardcover,192,2012,2012,,2018/02/26,"unclassified-exclusive, non-fiction","unclassified-exclusive (#73), non-fiction (#28)",unclassified-exclusive,,,,0,0
35811,The Collected Stories of Arthur C. Clarke,Arthur C. Clarke,"Clarke, Arthur C.",,"=""0312878605""","=""9780312878603""",0,4.30,Tom Doherty Associates/Orb Books,Paperback,966,2002,2000,,2018/02/26,"to-read, fiction","to-read (#6), fiction (#117)",to-read,,,,0,0
815647,Half Moon Investigations,Eoin Colfer,"Colfer, Eoin",,"=""0141382708""","=""9780141382708""",0,3.77,Puffin,Hardcover,311,2006,2006,,2018/02/24,"unclassified-exclusive, fiction","unclassified-exclusive (#67), fiction (#107)",unclassified-exclusive,,,,0,0
12162432,Where Things Come Back,John Corey Whaley,"Whaley, John Corey",,"=""1442413344""","=""9781442413344""",0,3.80,Atheneum Books for Young Readers,Paperback,228,2012,2011,,2018/02/25,"unclassified-exclusive, fiction","unclassified-exclusive (#72), fiction (#115)",unclassified-exclusive,,,,0,0
13583463,"The Legacies (Lorien Legacies: The Lost Files, #1-3)",Pittacus Lore,"Lore, Pittacus",,"=""0062211102""","=""9780062211101""",0,4.25,HarperCollins,Paperback,416,2012,2012,,2018/02/24,"unclassified-exclusive, fiction","unclassified-exclusive (#68), fiction (#108)",unclassified-exclusive,,,,0,0
6455562,Bloom,Wil McCarthy,"McCarthy, Wil",Chris     Moore,"=""1857988566""","=""9781857988567""",0,3.69,Millennium,Paperback,310,1998,1998,,2018/02/24,"unclassified-exclusive, fiction","unclassified-exclusive (#69), fiction (#109)",unclassified-exclusive,,,,0,0
2537569,Ghosts (Informania),Christopher Maynard,"Maynard, Christopher",,"=""0763607584""","=""9780763607586""",0,3.38,Candlewick,Hardcover,92,1999,1999,,2018/02/25,"unclassified-exclusive, non-fiction","unclassified-exclusive (#71), non-fiction (#22)",unclassified-exclusive,,,,0,0
7240582,Half the Sky: Turning Oppression into Opportunity for Women Worldwide,Nicholas D. Kristof,"Kristof, Nicholas D.",Sheryl WuDunn,"=""0307387097""","=""9780307387097""",0,4.28,Vintage,Paperback,296,2010,2008,,2018/02/25,"fiction, unclassified-exclusive","fiction (#112), unclassified-exclusive (#70)",unclassified-exclusive,,,,1,0
2175263,The Catcher In The Rye,J.D. Salinger,"Salinger, J.D.",,"=""0140237496""","=""9780140237498""",0,3.81,"Penguin Books, Limited (UK)",Paperback,208,1994,1951,,2018/02/24,"unclassified-exclusive, fiction","unclassified-exclusive (#65), fiction (#103)",unclassified-exclusive,,,,0,0
10082053,Alien Resurrection,A.C. Crispin,"Crispin, A.C.",,"=""0316875392""","=""9780316875394""",0,3.71,"Little, Brown & Company",Hardcover,256,1997,1997,,2018/02/24,"unclassified-exclusive, fiction","unclassified-exclusive (#63), fiction (#96)",unclassified-exclusive,,,,0,0
11363469,D.A.R.Y.L.,N.H. Kleinbaum,"Kleinbaum, N.H.",Jeanne V. Sandrois,"=""2253038466""","=""9782253038467""",0,3.44,Livre de Poche,,126,1986,1985,,2018/02/24,"unclassified-exclusive, fiction","unclassified-exclusive (#64), fiction (#98)",unclassified-exclusive,,,,0,0
10616322,"Allegiant (Divergent, #3)",Veronica Roth,"Roth, Veronica",,"=""0007444117""","=""9780007444113""",0,3.61,HarperCollins Children's Book's,Paperback,526,2013,2013,,2018/02/24,"unclassified-exclusive, fiction","unclassified-exclusive (#59), fiction (#77)",unclassified-exclusive,,,,0,0
8936442,Classic Sherlock Holmes,Arthur Conan Doyle,"Doyle, Arthur Conan",,"=""0143068601""","=""9780143068600""",0,4.28,Penguin,,1122,2010,1992,,2018/02/24,"fiction, unclassified-exclusive","fiction (#94), unclassified-exclusive (#62)",unclassified-exclusive,,,,0,0
1330637,Futuro azul,Eoin Colfer,"Colfer, Eoin",,"=""8484412962""","=""9788484412960""",0,3.86,Montena,Hardcover,304,2006,2004,,2018/02/24,"unclassified-exclusive, fiction","unclassified-exclusive (#66), fiction (#106)",unclassified-exclusive,,,,1,0
25953369,Hidden Figures,Margot Lee Shetterly,"Shetterly, Margot Lee",,"=""""","=""""",0,3.97,William Morrow Paperbacks,Paperback,349,2016,2016,,2018/02/24,"unclassified-exclusive, non-fiction","unclassified-exclusive (#61), non-fiction (#27)",unclassified-exclusive,,,,0,0
3506260,Positive Thinking,Vera Peiffer,"Peiffer, Vera",,"=""1862045283""","=""9781862045286""",0,3.72,Element Books,Paperback,192,1999,1989,,2018/02/24,"unclassified-exclusive, non-fiction","unclassified-exclusive (#60), non-fiction (#21)",unclassified-exclusive,,,,0,0
12971616,"The Rise of Nine (Lorien Legacies, #3)",Pittacus Lore,"Lore, Pittacus",,"=""0061974587""","=""9780061974588""",0,4.17,HarperCollins,Hardcover,372,2012,2012,,2018/02/18,"fiction, unclassified-exclusive","fiction (#72), unclassified-exclusive (#55)",unclassified-exclusive,,,,0,0
17132881,"The Fall of Five (Lorien Legacies, #4)",Pittacus Lore,"Lore, Pittacus",,"=""0718156501""","=""9780718156503""",0,4.22,Michael Joseph,Hardcover,352,2013,2013,,2018/02/18,"unclassified-exclusive, fiction","unclassified-exclusive (#54), fiction (#71)",unclassified-exclusive,,,,0,0
26812658,"The Fate of Ten (Lorien Legacies, #6)",Pittacus Lore,"Lore, Pittacus",,"=""0718178378""","=""9780718178376""",0,4.30,Michael Joseph,Hardcover,347,2015,2015,,2018/02/18,"unclassified-exclusive, fiction","unclassified-exclusive (#57), fiction (#74)",unclassified-exclusive,,,,0,0
8930976,"I Am Number Four (Lorien Legacies, #1)",Pittacus Lore,"Lore, Pittacus",,"=""024195357X""","=""9780241953570""",0,3.94,Penguin,Paperback,391,2011,2010,,2018/02/18,"unclassified-exclusive, fiction","unclassified-exclusive (#53), fiction (#70)",unclassified-exclusive,,,,0,0
5813802,Stories (How To Write),Celia Warren,"Warren, Celia",Ray Hanna,"=""1845389050""","=""9781845389055""",0,3.25,,,,,2007,,2018/02/18,"unclassified-exclusive, fiction","unclassified-exclusive (#52), fiction (#67)",unclassified-exclusive,,,,0,0
10740738,"The Power of Six (Lorien Legacies, #2)",Pittacus Lore,"Lore, Pittacus",,"=""0718157958""","=""9780718157951""",0,4.15,Penguin Books,Paperback,380,2011,2011,,2018/02/18,"unclassified-exclusive, fiction","unclassified-exclusive (#56), fiction (#73)",unclassified-exclusive,,,,0,0
1142392,Apes and Monkeys (Kingfisher Young Knowledge),Barbara Taylor,"Taylor, Barbara",,"=""0753457601""","=""9780753457603""",0,4.08,Kingfisher,Hardcover,48,2004,2004,,2018/02/18,"unclassified-exclusive, fiction","unclassified-exclusive (#50), fiction (#65)",unclassified-exclusive,,,,0,0
6188013,How to Write Poems (How to Write...),Wes Magee,"Magee, Wes",,"=""1595663444""","=""9781595663443""",0,4.38,QEB Publishing,Library Binding,32,2008,2007,,2018/02/18,"unclassified-exclusive, non-fiction","unclassified-exclusive (#51), non-fiction (#20)",unclassified-exclusive,,,,0,0
3133539,"The Great Plague: The Diary of Alice Paynton, London, 1665-1666",Pamela Oldfield,"Oldfield, Pamela",,"=""1407104780""","=""9781407104782""",0,3.74,Scholastic,Paperback,160,2008,2001,,2018/02/18,"unclassified-exclusive, fiction","unclassified-exclusive (#48), fiction (#63)",unclassified-exclusive,,,,0,0
11560914,Whisper,Chrissie Keighery,"Keighery, Chrissie",,"=""1921759321""","=""9781921759321""",0,4.04,Hardie Grant Egmont,Paperback,256,2011,2011,,2018/02/18,"unclassified-exclusive, fiction","unclassified-exclusive (#49), fiction (#64)",unclassified-exclusive,,,,0,0
18528413,The Returned,Jason Mott,"Mott, Jason",,"=""0778317072""","=""9780778317074""",0,3.30,Harlequin MIRA,Paperback,338,2014,2013,,2018/02/18,"unclassified-exclusive, fiction","unclassified-exclusive (#47), fiction (#60)",unclassified-exclusive,,,,0,0
907967,Jarhead : A Marine's Chronicle of the Gulf War and Other Battles,Anthony Swofford,"Swofford, Anthony",,"=""141651340X""","=""9781416513407""",0,3.67,Pocket,Mass Market Paperback,384,2005,2003,,2018/02/18,"unclassified-exclusive, fiction","unclassified-exclusive (#42), fiction (#54)",unclassified-exclusive,,,,0,0
16433,"Forever Odd (Odd Thomas, #2)",Dean Koontz,"Koontz, Dean",,"=""0553588265""","=""9780553588262""",0,3.98,Bantam Books,Paperback,364,2006,2005,,2018/02/18,"unclassified-exclusive, e-shelf, fiction","unclassified-exclusive (#44), e-shelf (#5), fiction (#56)",unclassified-exclusive,,,,0,0
864759,"Angus, Thongs and Full-Frontal Snogging (Confessions of Georgia Nicolson, #1)",Louise Rennison,"Rennison, Louise",,"=""0007218672""","=""9780007218677""",0,3.75,Harper Collins Children's Books,Paperback,237,2005,1999,,2018/02/18,"unclassified-exclusive, fiction","unclassified-exclusive (#41), fiction (#53)",unclassified-exclusive,,,,0,0
355763,"Too Little, Too Late",Colette Caddle,"Caddle, Colette",,"=""0340794429""","=""9780340794425""",0,3.59,Coronet Books,Paperback,480,2001,1999,,2018/02/18,"unclassified-exclusive, fiction","unclassified-exclusive (#40), fiction (#52)",unclassified-exclusive,,,,0,0
830574,Twelve Red Herrings,Jeffrey Archer,"Archer, Jeffrey",,"=""0330419064""","=""9780330419062""",0,3.78,HarperCollins,Mass Market Paperback,406,1994,1994,,2018/02/18,"unclassified-exclusive, fiction","unclassified-exclusive (#45), fiction (#58)",unclassified-exclusive,,,,0,0
15796893,The Jungle Book,Rudyard Kipling,"Kipling, Rudyard",,"=""0099573024""","=""9780099573029""",0,3.91,Vintage Children's Classics,Paperback,256,2012,1894,,2018/02/18,"unclassified-exclusive, fiction","unclassified-exclusive (#37), fiction (#49)",unclassified-exclusive,,,,0,0
8601212,True Spirit: The Aussie Girl Who Took On The World,Jessica Watson,"Watson, Jessica",,"=""0733624979""","=""9780733624971""",0,3.92,Hachette Australia,Paperback,367,2010,2010,,2018/02/18,"unclassified-exclusive, fiction","unclassified-exclusive (#34), fiction (#46)",unclassified-exclusive,,,,0,0
964095,No Gun for Asmir,Christobel Mattingley,"Mattingley, Christobel",Elizabeth Honey,"=""0140367292""","=""9780140367294""",0,3.86,Penguin Australia,Paperback,,1993,1993,,2018/02/18,"unclassified-exclusive, fiction","unclassified-exclusive (#33), fiction (#45)",unclassified-exclusive,,,,0,0
20945804,Blood on the Sun,Stuart M. Kaminsky,"Kaminsky, Stuart M.",,"=""1476786879""","=""9781476786872""",0,3.75,Gallery Books,Paperback,320,2014,2006,,2018/02/18,"unclassified-exclusive, fiction","unclassified-exclusive (#39), fiction (#51)",unclassified-exclusive,,,,0,0
909199,Brave New World,Aldous Huxley,"Huxley, Aldous",,"=""0006545793""","=""9780006545798""",0,3.99,Flamingo Modern Classics,Mass Market Paperback,252,1994,1932,,2018/02/18,"unclassified-exclusive, fiction","unclassified-exclusive (#38), fiction (#50)",unclassified-exclusive,,,,0,0
11230081,Seriously... I'm Kidding,Ellen DeGeneres,"DeGeneres, Ellen",,"=""0446585025""","=""9780446585026""",0,3.69,Grand Central Publishing,Hardcover,241,2011,2011,,2018/02/18,"unclassified-exclusive, fiction","unclassified-exclusive (#35), fiction (#47)",unclassified-exclusive,,,,0,0
6864173,"Little Piece Of Ground, A",Elizabeth Laird,"Laird, Elizabeth",,"=""0330436791""","=""9780330436793""",0,3.85,Macmillan Children's Books,Paperback,160,2003,2003,,2018/02/18,"unclassified-exclusive, fiction","unclassified-exclusive (#36), fiction (#48)",unclassified-exclusive,,,,0,0
1951720,Pocahontas,Walt Disney Company,"Company, Walt Disney",,"=""1570821143""","=""9781570821141""",0,4.24,Mouse Works,Hardcover,96,1995,1995,,2018/02/18,"unclassified-exclusive, fiction","unclassified-exclusive (#26), fiction (#34)",unclassified-exclusive,,,,0,0
10397655,Between,Jessica Warman,"Warman, Jessica",,"=""0802721826""","=""9780802721822""",0,3.95,Walker & Company,Hardcover,454,2011,2011,,2018/02/18,"unclassified-exclusive, fiction","unclassified-exclusive (#30), fiction (#42)",unclassified-exclusive,,,,0,0
82605,"Darkness, Be My Friend (Tomorrow, #4)",John Marsden,"Marsden, John",,"=""""","=""""",0,4.10,Pan,Paperback,274,1997,1996,,2018/02/18,"unclassified-exclusive, fiction","unclassified-exclusive (#31), fiction (#43)",unclassified-exclusive,,,,0,0
29430877,"The Misfit Economy: Lessons in Creativity from Pirates, Hackers, Gangsters and Other Informal Entrepreneurs",Alexa Clay,"Clay, Alexa",Kyra Maya Phillips,"=""1451688830""","=""9781451688832""",2,3.31,Simon  Schuster,Paperback,256,2016,2015,,2018/02/18,"unclassified-exclusive, non-fiction","unclassified-exclusive (#28), non-fiction (#17)",unclassified-exclusive,,,,0,0
13266862,Keeping Secrets: Two Books in One: Saving Zoe and Faking 19,Alyson Noel,"Noel, Alyson",,"=""1250018625""","=""9781250018625""",0,3.69,St. Martin's Griffin,Paperback,448,2012,2012,,2018/02/18,"unclassified-exclusive, fiction","unclassified-exclusive (#32), fiction (#44)",unclassified-exclusive,,,,0,0
1108136,Amazing Rare Things: The Art of Natural History in the Age of Discovery,David Attenborough,"Attenborough, David","Susan Owens, Martin Clayton, Rea Alexandratos","=""030012547X""","=""9780300125474""",0,4.09,Yale University Press,Hardcover,224,2007,2007,,2018/02/18,"unclassified-exclusive, non-fiction","unclassified-exclusive (#27), non-fiction (#3)",unclassified-exclusive,,,,0,0
17906134,A Writer's Notebook: How to Write Funny Stories,Rachel E. Lisberg,"Lisberg, Rachel E.",,"=""0439444500""","=""""",0,3.00,Scholastic,Paperback,112,2002,2002,,2018/02/18,"unclassified-exclusive, non-fiction","unclassified-exclusive (#24), non-fiction (#15)",unclassified-exclusive,,,,0,0
13705622,Hacker's Delight,Henry S. Warren Jr.,"Jr., Henry S. Warren",,"=""0321842685""","=""9780321842688""",0,4.21,Addison-Wesley Professional,Hardcover,512,2012,2002,,2018/02/18,"unclassified-exclusive, non-fiction","unclassified-exclusive (#22), non-fiction (#25)",unclassified-exclusive,,,,0,0
15931814,Hidden Food Allergies: Is What You Eat Making You Ill?. Patrick Holford and James Braly,Patrick Holford,"Holford, Patrick",James Braly,"=""0749958154""","=""9780749958152""",0,4.11,Piatkus Books,Paperback,186,2012,2007,,2018/02/18,"unclassified-exclusive, non-fiction","unclassified-exclusive (#20), non-fiction (#13)",unclassified-exclusive,,,,0,0
9989563,Wisdom. Peace,Andrew Zuckerman,"Zuckerman, Andrew",,"=""081098475X""","=""9780810984752""",0,3.92,ABRAMS,Hardcover,160,2009,2008,,2018/02/18,"unclassified-exclusive, fiction","unclassified-exclusive (#21), fiction (#29)",unclassified-exclusive,,,,0,0
15745833,Rupert Murdoch: An Investigation of Political Power,David McKnight,"McKnight, David",,"=""1742373526""","=""9781742373522""",0,3.46,Harper Collins Publishers Australia,Paperback,296,2012,2012,,2018/02/18,"unclassified-exclusive, non-fiction","unclassified-exclusive (#23), non-fiction (#14)",unclassified-exclusive,,,,0,0
2033888,Lion King Read Along With Book,Walt Disney Company,"Company, Walt Disney",,"=""1557235910""","=""9781557235916""",0,4.33,Walt Disney Records & Audio,Paperback,0,1994,2011,,2018/02/18,"unclassified-exclusive, fiction","unclassified-exclusive (#25), fiction (#33)",unclassified-exclusive,,,,0,0
34931647,After I've Gone,Linda Green,"Green, Linda",,"=""1786483033""","=""9781786483034""",0,4.13,Quercus,Paperback,431,2017,2017,,2018/02/17,"unclassified-exclusive, fiction","unclassified-exclusive (#14), fiction (#22)",unclassified-exclusive,,,,0,0
34449020,The Choice,Samantha   King,"King, Samantha",,"=""0349414688""","=""9780349414683""",0,3.69,"Little, Brown",Paperback,336,2017,2017,,2018/02/17,"unclassified-exclusive, fiction","unclassified-exclusive (#12), fiction (#20)",unclassified-exclusive,,,,0,0
33820525,If You Knew Her,Emily Elgar,"Elgar, Emily",,"=""1408706806""","=""9781408706800""",0,3.83,"Little, Brown Book Group",Paperback,384,2017,2017,,2018/02/17,"unclassified-exclusive, fiction","unclassified-exclusive (#13), fiction (#21)",unclassified-exclusive,,,,0,0
26703091,Diabetes Type 2 You Can Reverse It Naturally!,Sandra Cabot,"Cabot, Sandra",,"=""0982933622""","=""9780982933626""",0,4.19,SCB International,Paperback,173,2011,2001,,2018/02/18,"unclassified-exclusive, non-fiction","unclassified-exclusive (#18), non-fiction (#10)",unclassified-exclusive,,,,0,0
10035893,Green is Good: An Insider's Account of the Battle to Make Australia a Green Nation,Jeff Angel,"Angel, Jeff",,"=""0733323502""","=""9780733323508""",0,3.00,ABC Books - AU,Paperback,272,2008,2008,,2018/02/18,"unclassified-exclusive, non-fiction","unclassified-exclusive (#19), non-fiction (#1)",unclassified-exclusive,,,,0,0
31945797,The One Who Got Away,Caroline Overington,"Overington, Caroline",,"=""0732299756""","=""9780732299750""",0,3.36,HarperCollins - AU,Paperback,336,2016,2016,,2018/02/17,"unclassified-exclusive, fiction","unclassified-exclusive (#15), fiction (#23)",unclassified-exclusive,,,,0,0
31416079,The DNA of Orphan Black,Abbie Bernstein,"Bernstein, Abbie",,"=""1783297964""","=""9781783297962""",0,4.61,Titan Books (UK),Paperback,256,2017,,,2017/12/13,"fiction, unclassified-exclusive","fiction (#11), unclassified-exclusive (#8)",unclassified-exclusive,,,,0,0
6865920,Pack,Tom Pow,"Pow, Tom",,"=""0099475634""","=""9780099475637""",4,3.14,RED FOX BOOKS (RAND),Paperback,129,2004,2004,,2018/02/02,"fiction, unclassified-exclusive","fiction (#16), unclassified-exclusive (#17)",unclassified-exclusive,,,,1,0
4773477,The Diabetes Revolution: A groundbreaking guide to reducing your insulin dependency,Charles Clark,"Clark, Charles",Maureen Clark,"=""0091912644""","=""9780091912642""",0,3.23,Vermilion,Paperback,304,2008,2008,,2017/12/13,"unclassified-exclusive, non-fiction","unclassified-exclusive (#5), non-fiction (#7)",unclassified-exclusive,,,,0,0
13509069,Life on Air,David Attenborough,"Attenborough, David",,"=""1849900019""","=""9781849900010""",0,4.42,BBC Books,Paperback,416,2010,2002,,2017/12/13,"unclassified-exclusive, non-fiction","unclassified-exclusive (#7), non-fiction (#2)",unclassified-exclusive,,,,0,0
33911524,Where I Lost Her,T. Greenwood,"Greenwood, T.",,"=""1786490803""","=""9781786490803""",0,3.90,Corvus,Paperback,,2017,2016,,2018/02/17,"unclassified-exclusive, fiction","unclassified-exclusive (#11), fiction (#19)",unclassified-exclusive,,,,0,0
12654313,Australian Concise Oxford Dictionary,Bruce Moore,"Moore, Bruce",,"=""0195568869""","=""9780195568868""",0,5.00,"Oxford University Press, USA",Hardcover,1800,2011,2009,,2017/12/13,"unclassified-exclusive, non-fiction","unclassified-exclusive (#6), non-fiction (#8)",unclassified-exclusive,,,,0,0
18395524,Grammar - A concise guide to modern grammar: Pascal's Basic Primary,P. Walker,"Walker, P.",,"=""1864410604""","=""9781864410600""",0,3.50,Pascal Press,Paperback,120,2005,2005,,2017/12/13,"unclassified-exclusive, non-fiction","unclassified-exclusive (#9), non-fiction (#24)",unclassified-exclusive,,,,0,0
21382244,Child's World Encyclopedia,Sue Grabham,"Grabham, Sue",,"=""1856972569""","=""9781856972567""",0,4.75,Kingfisher Books Ltd,Hardcover,496,1994,1994,,2017/12/13,"fiction, unclassified-exclusive","fiction (#4), unclassified-exclusive (#2)",unclassified-exclusive,,,,0,0
12511068,"Hey, Whipple, Squeeze This: The Classic Guide to Creating Great Ads",Luke Sullivan,"Sullivan, Luke",,"=""""","=""9781118101339""",0,4.22,Wiley,Paperback,400,2012,1998,,2017/12/13,"unclassified-exclusive, non-fiction","unclassified-exclusive (#10), non-fiction (#5)",unclassified-exclusive,,,,0,0
6865291,E.Encyclopedia Science (Encyclopedia),C. Woodford,"Woodford, C.",,"=""1405303042""","=""9781405303040""",0,4.00,Dorling Kindersley Publishers Ltd,Hardcover,384,2004,2004,,2017/12/13,"unclassified-exclusive, non-fiction","unclassified-exclusive (#3), non-fiction (#23)",unclassified-exclusive,,,,0,0
16248728,Programming in C,Stephen G. Kochan,"Kochan, Stephen G.",,"=""0321776410""","=""9780321776419""",0,3.97,Addison-Wesley Professional,Paperback,544,2014,,,2017/12/13,"unclassified-exclusive, non-fiction","unclassified-exclusive (#1), non-fiction (#4)",unclassified-exclusive,,,,0,0
18406656,Running Meetings (HBR 20-Minute Manager Series),Harvard Business School Press,"Press, Harvard Business School",,"=""1625272251""","=""9781625272256""",0,3.55,Harvard Business Review Press,Paperback,112,2014,2014,,2017/12/13,"unclassified-exclusive, non-fiction","unclassified-exclusive (#4), non-fiction (#6)",unclassified-exclusive,,,,0,0
10361330,HTML and CSS: Design and Build Websites,Jon Duckett,"Duckett, Jon",,"=""1118008189""","=""9781118008188""",0,4.32,Wiley,Paperback,514,2011,2011,,2018/02/18,non-fiction,non-fiction (#11),read,,,,1,0
35463990,"A Rare Book of Cunning Device (Rivers of London, #6.5)",Ben Aaronovitch,"Aaronovitch, Ben",Kobna Holdbrook-Smith,"=""""","=""""",0,3.71,Audible Studios,Audible Audio,1,2017,2017,,2018/02/26,"to-read, e-shelf","to-read (#5), e-shelf (#16)",to-read,,,,0,0
948494,The Artemis Fowl Files,Eoin Colfer,"Colfer, Eoin",,"=""0141381272""","=""9780141381275""",0,3.78,,ebook,,2004,2004,,2018/02/25,"to-read, fiction","to-read (#4), fiction (#113)",to-read,,,,0,0
3091710,"Matter (Culture, #8)",Iain M. Banks,"Banks, Iain M.",,"=""1841494194""","=""9781841494197""",0,4.09,Orbit,Paperback,593,2009,2008,,2018/02/24,fiction,fiction (#111),read,,,,1,0
567700,"The State of the Art (Culture, #4)",Iain M. Banks,"Banks, Iain M.",,"=""1857230302""","=""9781857230307""",0,3.84,Orbit,Mass Market Paperback,216,1993,1991,,2018/02/24,"to-read, fiction","to-read (#3), fiction (#110)",to-read,,,,0,0
2774497,"The Curse of Camp Cold Lake (Goosebumps, #56)",R.L. Stine,"Stine, R.L.",,"=""0590568930""","=""9780590568937""",0,3.77,Scholastic Inc.,Paperback,134,1997,1997,,2018/02/24,fiction,fiction (#104),read,,,,1,0
21103678,"Broken Homes (Peter Grant, #4)",Ben Aaronovitch,"Aaronovitch, Ben",,"=""""","=""""",5,4.17,Gollancz,Paperback,357,2014,2013,,2018/02/24,fiction,fiction (#84),read,,,,1,0
35783831,The Book Thief,Markus Zusak,"Zusak, Markus",Trudy White,"=""""","=""""",0,4.39,Picador,Hardcover,584,2005,2006,,2018/02/18,"to-read, fiction, e-shelf","to-read (#2), fiction (#61), e-shelf (#11)",to-read,,,,1,0
22743827,"The Long Way Down (Daniel Faust, #1)",Craig Schaefer,"Schaefer, Craig",,"=""0990339319""","=""9780990339311""",0,3.94,Demimonde Books,Paperback,366,2014,2014,,2018/02/10,"e-shelf, to-read","e-shelf (#3), to-read (#1)",to-read,,,,0,0
10381195,"Moon Over Soho (Rivers of London, #2)",Ben Aaronovitch,"Aaronovitch, Ben",,"=""0575097604""","=""9780575097605""",4,4.09,Gollancz,Hardcover,375,2011,2011,,2018/02/02,,,read,,,,1,0
1350249,Disney's The Lion King,Justine Korman Fontes,"Fontes, Justine Korman",,"=""0717283534""","=""9780717283538""",0,4.49,Grolier Books,Hardcover,44,1994,1994,,2018/02/18,fiction,fiction (#62),read,,,,1,0
24987978,Ready Player One,Ernest Cline,"Cline, Ernest",,"=""0553459384""","=""9780553459388""",5,4.24,Broadway Books,Paperback,374,2015,2011,,2018/02/18,fiction,fiction (#57),read,,,,0,0
25613374,Armada,Ernest Cline,"Cline, Ernest",,"=""0099586746""","=""9780099586746""",3,3.54,Arrow,Paperback,357,2016,2015,,2017/12/13,fiction,fiction (#2),read,,,,1,0
1265289,The Automatic Detective,A. Lee Martinez,"Martinez, A. Lee",,"=""0765318342""","=""9780765318343""",4,3.97,Tor Books,Paperback,320,2008,2008,,2018/02/10,,,read,,,,1,0
2767052,"The Hunger Games (The Hunger Games, #1)",Suzanne Collins,"Collins, Suzanne",,"=""0439023483""","=""9780439023481""",5,4.32,Scholastic Press,Hardcover,374,2008,2008,,2018/02/02,,,read,,,,1,0
1450716,"The Giver (The Giver, #1)",Lois Lowry,"Lowry, Lois","Paul Cox, Margaret Mahy","=""""","=""""",4,4.13,HarperCollins Children's Books,Paperback,224,2008,1993,,2018/02/02,fiction,fiction (#15),read,,,,1,0
10057167,"Fool Moon (The Dresden Files, #2)",Jim Butcher,"Butcher, Jim",,"=""0356500284""","=""9780356500287""",5,3.99,Orbit,Paperback,345,2011,2001,,2017/12/13,fiction,fiction (#12),read,,,,1,0
4961959,"Jim Butcher's The Dresden Files: Storm Front, Volume 1: The Gathering Storm",Jim Butcher,"Butcher, Jim","Mark Powers, Ardian Syaf","=""0345506391""","=""9780345506399""",5,4.35,Del Rey/Dabel Brothers,Hardcover,128,2009,2009,,2018/02/02,,,read,,,,1,0
24876258,"The Aeronaut's Windlass (The Cinder Spires, #1)",Jim Butcher,"Butcher, Jim",,"=""0451466802""","=""9780451466808""",5,4.18,Roc,Hardcover,630,2015,2015,,2018/02/02,,,read,,,,1,0
6316821,"First Lord's Fury (Codex Alera, #6)",Jim Butcher,"Butcher, Jim",,"=""044101769X""","=""9780441017690""",5,4.39,Ace Books,Hardcover,465,2009,2009,,2018/02/02,,,read,,,,1,0
29394,"Cursor's Fury (Codex Alera, #3)",Jim Butcher,"Butcher, Jim",,"=""0441014348""","=""9780441014347""",5,4.36,Ace Hardcover,Hardcover,442,2006,2006,,2018/02/02,,,read,,,,1,0
2903736,"Princeps' Fury (Codex Alera, #5)",Jim Butcher,"Butcher, Jim",,"=""0441016383""","=""9780441016389""",5,4.37,Ace Books,Hardcover,386,2008,2008,,2018/02/02,,,read,,,,1,0
346087,"Captain's Fury (Codex Alera, #4)",Jim Butcher,"Butcher, Jim",,"=""0441015271""","=""9780441015276""",5,4.37,Ace Books,Hardcover,451,2007,2007,,2018/02/02,,,read,,,,1,0
133664,"Academ's Fury (Codex Alera, #2)",Jim Butcher,"Butcher, Jim",,"=""0441013406""","=""9780441013401""",5,4.26,Ace,Paperback,702,2010,2005,,2018/02/02,,,read,,,,1,0
19486421,"Skin Game (The Dresden Files, #15)",Jim Butcher,"Butcher, Jim",,"=""0451464397""","=""9780451464392""",5,4.56,Roc,Hardcover,454,2014,2014,,2018/02/02,,,read,,,,1,0
8058301,"Ghost Story (The Dresden Files, #13)",Jim Butcher,"Butcher, Jim",James Marsters,"=""045146379X""","=""9780451463791""",5,4.25,Roc Hardcover,Hardcover,481,2011,2011,,2018/02/02,,,read,,,,1,0
12216302,"Cold Days (The Dresden Files, #14)",Jim Butcher,"Butcher, Jim",,"=""0451464400""","=""9780451464408""",5,4.48,Penguin Group (USA),Hardcover,515,2012,2012,,2018/02/02,,,read,,,,1,0
29396,"Furies of Calderon (Codex Alera, #1)",Jim Butcher,"Butcher, Jim",,"=""044101268X""","=""9780441012688""",5,4.12,Ace,Paperback,688,2005,2004,,2018/02/02,,,read,,,,1,0
3475161,"Turn Coat (The Dresden Files, #11)",Jim Butcher,"Butcher, Jim",,"=""0451462564""","=""9780451462565""",5,4.44,Roc,Hardcover,418,2009,2009,,2018/02/02,,,read,,,,1,0
6585201,"Changes (The Dresden Files, #12)",Jim Butcher,"Butcher, Jim",,"=""045146317X""","=""9780451463173""",5,4.50,Roc,Hardcover,438,2010,2010,,2018/02/02,,,read,,,,1,0
927979,"Small Favor (The Dresden Files, #10)",Jim Butcher,"Butcher, Jim",,"=""0451461894""","=""9780451461896""",5,4.44,Roc,Hardcover,545,2008,2008,,2018/02/02,,,read,,,,1,0
91475,"White Night (The Dresden Files, #9)",Jim Butcher,"Butcher, Jim",,"=""0451461401""","=""9780451461407""",5,4.39,Roc,Hardcover,407,2007,2007,,2018/02/02,,,read,,,,1,0
91474,"Proven Guilty (The Dresden Files, #8)",Jim Butcher,"Butcher, Jim",,"=""0451461037""","=""9780451461032""",5,4.40,Roc,Paperback,547,2007,2006,,2018/02/02,,,read,,,,1,0
99383,"Blood Rites (The Dresden Files, #6)",Jim Butcher,"Butcher, Jim",,"=""0451459873""","=""9780451459879""",5,4.30,Roc,Paperback,372,2004,2004,,2018/02/02,,,read,,,,1,0
17683,"Dead Beat (The Dresden Files, #7)",Jim Butcher,"Butcher, Jim",,"=""045146091X""","=""9780451460912""",5,4.41,Roc,Mass Market Paperback,517,2006,2005,,2018/02/02,,,read,,,,1,0
91479,"Death Masks (The Dresden Files, #5)",Jim Butcher,"Butcher, Jim",,"=""0451459407""","=""9780451459404""",5,4.29,Roc,Mass Market Paperback,432,2003,2003,,2018/02/02,,,read,,,,1,0
91478,"Summer Knight (The Dresden Files, #4)",Jim Butcher,"Butcher, Jim",,"=""0451458923""","=""9780451458926""",5,4.27,Roc,Mass Market Paperback,446,2002,2002,,2018/02/02,,,read,,,,1,0
91476,"Grave Peril (The Dresden Files, #3)",Jim Butcher,"Butcher, Jim",,"=""0451458443""","=""9780451458445""",5,4.14,Roc,Paperback,378,2001,2001,,2018/02/02,,,read,,,,1,0
91477,"Fool Moon (The Dresden Files, #2)",Jim Butcher,"Butcher, Jim",,"=""0451458125""","=""9780451458124""",5,3.99,Roc,Mass Market Paperback,401,2001,2001,,2018/02/02,,,read,,,,1,0
29056083,"Harry Potter and the Cursed Child: Parts One and Two (Harry Potter, #8)",John Tiffany,"Tiffany, John","Jack Thorne, J.K. Rowling","=""""","=""""",3,3.51,"Little, Brown",Hardcover,343,2016,2016,,2018/02/02,,,read,,,,1,0
1,"Harry Potter and the Half-Blood Prince (Harry Potter, #6)",J.K. Rowling,"Rowling, J.K.",,"=""""","=""""",5,4.58,Scholastic Inc.,Paperback,652,2006,2005,,2018/02/02,,,read,,,,1,0
2,"Harry Potter and the Order of the Phoenix (Harry Potter, #5)",J.K. Rowling,"Rowling, J.K.",Mary GrandPré,"=""""","=""""",5,4.50,Scholastic Inc.,Paperback,912,2004,2003,,2018/02/02,,,read,,,,1,0
6,"Harry Potter and the Goblet of Fire (Harry Potter, #4)",J.K. Rowling,"Rowling, J.K.","Mary GrandPré, Jim Kay","=""""","=""""",5,4.57,Scholastic,Paperback,734,2002,2000,,2018/02/02,,,read,,,,1,0
136251,"Harry Potter and the Deathly Hallows (Harry Potter, #7)",J.K. Rowling,"Rowling, J.K.",,"=""""","=""""",5,4.62,Arthur A. Levine Books,Hardcover,759,2007,2007,,2018/02/02,,,read,,,,1,0
15881,"Harry Potter and the Chamber of Secrets (Harry Potter, #2)",J.K. Rowling,"Rowling, J.K.",Mary GrandPré,"=""""","=""""",5,4.43,Arthur A. Levine Books,Hardcover,341,1999,1998,,2018/02/02,,,read,,,,1,0
5,"Harry Potter and the Prisoner of Azkaban (Harry Potter, #3)",J.K. Rowling,"Rowling, J.K.",Mary GrandPré,"=""043965548X""","=""9780439655484""",5,4.58,Scholastic Inc.,Mass Market Paperback,435,2004,1999,,2018/02/02,,,read,,,,1,0
16278318,Armada,Ernest Cline,"Cline, Ernest",,"=""0804137250""","=""9780804137256""",4,3.54,Crown Publishing ,Hardcover,355,2015,2015,,2017/12/13,,,read,,,,1,0
13335037,"Divergent (Divergent, #1)",Veronica Roth,"Roth, Veronica",,"=""0062024035""","=""9780062024039""",4,4.16,Katherine Tegen Books,Paperback,487,2012,2011,,2017/12/13,,,read,,,,1,0
9969571,"Ready Player One (Ready Player One, #1)",Ernest Cline,"Cline, Ernest",,"=""030788743X""","=""9780307887436""",5,4.24,Crown Publishers,Hardcover,374,2011,2011,,2017/12/13,,,read,,,,1,0
13496,"A Game of Thrones (A Song of Ice and Fire, #1)",George R.R. Martin,"Martin, George R.R.",,"=""0553588486""","=""9780553588484""",5,4.44,Bantam,Mass Market Paperback,835,2005,1996,,2017/12/13,,,read,,,,1,0
3,"Harry Potter and the Sorcerer's Stone (Harry Potter, #1)",J.K. Rowling,"Rowling, J.K.",,"=""""","=""""",5,4.47,Scholastic Inc,Hardcover,309,2003,1997,,2017/12/13,,,read,,,,1,0
